elementName,score,nbOfSongs
"Akito Nakatsuka, Kenji Yamamoto, Yukio Kaneoka","1156",3
"Kade Kalka","1148.5",2
"Nobuo Uematsu, Shotaro Shima ","1121.5",2
"Chimpazilla, timaeus222","1120",3
"Geoffrey Taucer, prophetik music","1112.5",2
"DJ RoboRob","1112.5",2
"Psycho Crusher","1111",3
"George Buzinkai","1108",2
"CarboHydroM, Scaredsim","1108",2
"Pyro Paper Planes, Viking Guitar","1099",2
"BenCousins","1099",2
"8bit bEtty","1099",2
"mochilon","1099",2
"Nobuo Uematsu, Shiro Satou, Osamu Saitou, Toshiyuki Mori","1096.75",4
"Ryunocore","1096.75",4
"Kazuki Muraoka, Shinya Sakamoto, Atsushi Fujio, Kiyohiro Sada","1094.5",2
"Tokyo Philharmonic Orchestra, Kosuke Yamashita","1093",3
"Ben Prunty","1093",3
"Marshall Parker","1092.25",4
"Shinray","1090",4
"THE PRIMALS","1086.4",5
"Hiroshige Tonomura, Jake Kaufman (virt)","1085.5",6
"Dale North, mp","1085.5",2
"Richard Munns","1085.5",2
"DR.WELI","1085.5",2
"III, Masaki Suzuki","1085.5",2
"ParagonX9","1084",3
"Sentient Pulse","1084",3
"Ivan Hakštok, Juan Medrano","1081",3
"JV","1081",2
"Scott Buckley","1081",2
"Hajime Wakai, Shibo Fujii, Mahito Yokota, Takeshi Hama, Koji Kondo, Hyrule Symphony Orchestra","1081",3
"Aethernaut","1081",2
"Satoru Kosaki","1081",2
"FFmusic Dj, Geoffrey Taucer","1077.4",5
"Hidekazu Tanaka","1076.5",2
"Chuck Dodgers","1076.5",2
"Instant Remedy","1076.5",2
"Brad Buxer","1076.5",2
"Gene M. Rozenberg","1076.5",2
"GaMetal","1075",3
"Nobuo Uematsu, Máire Breatnach","1074.25",4
"ansgaros","1073.8",5
"Tappi Iwase","1072",3
"Uboichi","1072",2
"bLiNd, Leifo","1072",2
"Kenji Yamamoto, Minako Hamano","1072",3
"Beatdrop, mp","1072",2
"ZackParrish, The Vodoú Queen","1072",2
"ASAGEN","1072",2
"Hikaru Utada","1072",2
"Johannes Bjerregaard, Jeroen Tel","1072",2
"Lucas Pope","1069.75",4
"audio fidelity","1067.5",2
"Bart Klepka","1067.5",2
"Trace Dragon XVI K","1067.5",2
"Diodes","1067.5",4
"NKZ, ZUN","1067.5",2
"Synesthesics","1067.5",2
"Kazuki Muraoka, Kazuhiko Uehara, Harumi Ueko, Yukie Morimoto","1067.5",4
"OverShield","1067.5",2
"Michiharu Hasuya","1066",3
"Mutsuhiko Izumi, Kozo Nakamura","1066",6
"Michiru Yamane, Yasushi Asada","1066",3
"AJ DiSpirito","1065.25",4
"Darren Korb, Ashley Barrett","1065.25",4
"B-laze","1064.5",6
"Dev","1063",2
"Black Ace","1063",6
"Bill Kiley","1063",3
"Masaru Tajima","1063",8
"Matt Berardo","1063",2
"Kuro","1063",2
"Emunator, Hotline Sehwani","1063",2
"Retro Brothers","1063",2
"Takeshi Abo","1061.2",5
"Romain Gauthier","1060.75",4
"Yuko Komiyama, Shinya Okada, Seiko Kobuchi, Akemi Kimura, Makoto Asai, Teruo Konishi, Shuichi Mizohata, Noriyuki Iwadare, Takuya Miyawaki, Nittoku Inoue","1060.75",8
"Sataro Tojima, Hiroshi Mitsuoka","1060.75",4
"Gavin Raeburn","1060.75",4
"Takeru Kanazaki","1060.4285714285713",7
"PriZm","1060",3
"OceansAndrew, Scaredsim","1060",3
"Daiki Ishikawa","1059.4",5
"AmIEviL","1059.0625",16
"Kenichi Matsubara","1058.5",6
"Alexander Brandon, Big Giant Circles","1058.5",2
"Naoto Ishida","1058.5",2
"Kazuki Muraoka, Hiroyuki Togo, Takanari Ishiyama, Lee Jeon Myung","1058.5",4
"Lame Genie","1058.5",2
"BeeZerk","1058.5",2
"Neil D. Voss","1058.5",2
"Matt R., S. Battle","1058.5",2
"Neon Deity Games","1058.5",2
"Paul van der Valk","1057",3
"Andrè Marì Coppola","1057",6
"Evil Horde","1056.25",8
"Levus","1056.25",4
"Masanori Hikichi, Noriyuki Iwadare, Yoshiaki Kubotera, Isao Mizoguchi","1054",4
"Luhny","1054",2
"tefnek, zircon","1054",3
"Stemage, Viking Guitar","1054",2
"Sadorf, Sir_NutS","1054",2
"Carpenter Brut","1054",2
"Joshua Morse, posu yan","1054",2
"Xor","1054",2
"Tiago Rodrigues","1054",2
"SEGA","1054",2
"Yumiko Kanki","1052.2",5
"Hiroshi Kawaguchi, Fumio Itoh, Keisuke Tsukahara","1052.2",5
"British Sea Power","1052.2",5
"Yasunori Mitsuda, Millennial Fair","1052.2",5
"Yoann Laulan","1051.75",4
"David Whittaker","1051.75",4
"Kouhei Tanaka","1051.75",8
"Hideki Okugawa","1051",3
"MTMB Studios","1051",3
"Arkimedes","1049.5",2
"Atsuyoshi Isemura, Hironobu Inagaki","1049.5",4
"Robin Beanland, Graeme Norgate","1049.5",4
"Manami Matsumae, Yuki Iwai","1049.5",2
"Akihiko Narita","1049.5",4
"noba","1049.5",4
"PolarBirds","1049.5",2
"Tohru Hasahe, Minki Motoyama","1049.5",2
"Fratto, Wiesty, The OC Jazz Collective","1049.5",2
"Kubbi","1049.5",2
"Masaru Teramae","1049.5",2
"Gareth Coker, Rachel Mellis","1049.5",2
"Roger Wanamo","1049.5",2
"scythe","1049.5",2
"Masayuki Nagao","1049.5",2
"Samuel Lidström","1049.5",2
"Travis Lien","1049.5",2
"Hideki Naganuma","1048.75",12
"Koji Kondo, Asuka Ohta","1048",3
"Masanori Adachi, Sotaro Tojima","1047.25",8
"NAOKI","1047.25",8
"Avien","1046.8",5
"ella guro","1046.8",5
"Nobuo Uematsu, Masayoshi Soken","1046.8",5
"Andrew Prahlow","1046.8",5
"fredrikd","1046.6",5
"Ryo Nagamatsu, Koji Kondo, Akito Nakatsuka","1046",9
"Game Over","1045",4
"Laura Shigihara","1045",11
"kLuTz","1045",4
"Matt Drouin","1045",2
"The Grammar Club","1045",2
"Malcolm Brown","1045",2
"Drakken","1045",2
"Jaedon Braun","1045",7
"KOKIA","1045",2
"Drumble","1045",2
"Karbofos","1045",5
"Masayoshi Soken, Yukiko Takada","1045",2
"Eon_Blue","1045",3
"Pumpkin King","1045",3
"Max LL","1045",4
"Hito Ookami","1045",2
"Nana Mizuki","1045",2
"Do a Barrel Roll!","1045",5
"Takehiko Yamada","1045",2
"Olivier Deriviere, Yuzo Koshiro","1045",2
"Donna Burke","1045",2
"CheDDer Nardz","1045",2
"meganeko","1045",2
"Vladimir Tugay","1045",2
"Paper Coelacanth","1043.7142857142858",7
"Sydney Symphony Orchestra","1042.75",4
"Nobuyuki Aoshima, Mamoru Ishimoda, Yoko Sonoda, Mariko Sato","1042.75",4
"sasakure.UK","1042.4285714285713",7
"Masahiko Kimura, Michiru Yamane","1042.4285714285713",7
"D Fast","1042",6
"Forgotten Dawn","1042",3
"mimiiQ","1042",3
"DaMonz","1041.7857142857142",14
"Professor Sakamoto","1041.625",8
"bustatunez","1041.4",5
"Dale North, Mustin","1041.142857142857",7
"Gux","1041.142857142857",7
"Masato Nakamura","1041.0625",16
"Kammo64","1040.5",2
"Ashleigh Coryell, bLiNd","1040.5",2
"Robert A. Allen","1040.5",4
"Traz Damji","1040.5",2
"ToxicxEternity","1040.5",2
"Toshihiko Takamizawa","1040.5",2
"SREYAS","1040.5",2
"K->","1040.5",2
"YUKIYOSHI","1040.5",2
"Chimpazilla, Emunator","1040.5",2
"YPOI","1040.5",2
"The Amazing Brando","1040.5",2
"Asuka Hayazaki","1040.5",2
"Rotten Eggplant","1040.5",2
"Lazerwolph","1040.5",2
"Jameson Sutton","1040.5",2
"Onyx Design","1040.5",2
"Subliminal Labs","1040.5",2
"Tobikomi","1040.5",2
"Leandro Abreu, André Pastore, Helton Lima, Leo Quintão, Marco Lima","1040.5",2
"Michiru Oshima & Pentagon","1040.5",2
"Tokyo Philharmonic Orchestra, Mariam Abounnasr","1039.6",5
"Sue Kasper","1039.6",5
"Shoji Meguro, Lyn","1039.375",8
"The Black Mages","1039.2142857142858",28
"MC","1039",3
"Ross Kmet","1039",6
"Joshua Morse, Danimal Cannon","1039",3
"Jeremy Robson","1039",6
"Nemix","1039",3
"Akira Sasaki","1039",3
"Tomohito Nishiura, Norihito Sumitomo, Layton Grand Caravan Orchestra","1039",3
"Kevin Schilder","1039",3
"Koji Kondo","1038.9405940594058",101
"Kenta Nagata","1038.4545454545455",11
"Seiichi Fukami, Yuji Takenouchi, Junya Nakano","1038.25",4
"Maki Morrow","1038.25",4
"Satoe Terashima","1038.25",8
"Juke","1038.25",4
"Hiromitsu Maeba","1038.25",4
"tefnek","1038.25",4
"Yoshiki Aoi","1038.25",4
"Taro Bando, Hajime Wakai","1037.9285714285713",14
"SEXY-SYNTHESIZER","1037.8",15
"Takushi Hiyamuta, JIM","1037.8",5
"Norihiko Yamanuki","1037.8",5
"yoshio","1037.8",5
"Mario Freaks Orchestra","1037.5",6
"Jerry Martin, Marc Russo","1037.5",6
"Mikio Saito","1037.125",8
"Kenta Nagata, Hajime Wakai, Toru Minegishi, Koji Kondo","1037",9
"Mark Miller","1036",5
"Jan Van Valburg","1036",6
"Kenichiro Fukui, Seiichi Fukami","1036",5
"Nullsleep","1036",5
"Destiny","1036",3
"Hiroshi Takeyasu, Masae Nakashima, Sachiko Yakata","1036",2
"Junichiro Kaneda, Ayako Nishigaki","1036",5
"Daniele Zandara","1036",4
"Tatsuro Suzuki","1036",2
"Paul Ruskay","1036",2
"Hermit","1036",2
"pesama","1036",3
"Blue.Nocturne","1036",2
"Chronblom","1036",2
"Ryoji Yoshitomi","1036",2
"Homeslice","1036",2
"Patricio Thielemann","1036",2
"Nate Brooks","1036",2
"Sir Spacebar","1036",2
"Akiyuki Morimoto","1036",2
"Dr. Manhattan","1035.25",12
"Naoto Tanaka","1034.7142857142858",14
"Derek Duke, Glenn Stafford","1034.5",6
"Paul Romero, Rob King, Steve Baca","1034.5",6
"Main Finger","1033.75",4
"Dean Evans","1033.75",4
"Masafumi Ogata","1033.75",4
"Sbeast","1033",9
"Takuro Iga","1033",3
"SoundDrive","1033",3
"Toru Minegishi","1033",3
"Yasuhiro Ichihashi","1033",3
"Falk Au Yeong","1033",3
"Takahiro Nakaguchi","1033",3
"NOVOISKI","1033",3
"Kazumi Totaka, Minako Hamano, Kozue Ishikawa","1032.7857142857142",14
"Juan Medrano","1032.625",40
"Scott Lloyd Shelly","1032.625",8
"Blitz Lunar","1032.625",8
"Jillian Aversa, zircon","1032.4",5
"ConcernedApe","1032.4",10
"Michiru Yamane, Tomoko Nishikawa","1032.4",5
"Ryuji Sasai, Yasuhiro Kawakami","1032.142857142857",7
"Steve Pordon","1032.142857142857",7
"Toru Minegishi, Asuka Ohta, Koji Kondo","1031.8461538461538",13
"Toby Fox","1031.6153846153845",39
"Kenny Chou","1031.5",4
"Damjan Mravunac","1031.5",4
"Takafumi Imamura","1031.5",4
"Masashi Hamauzu, Ryo Yamazaki","1031.5",2
"PxFury","1031.5",2
"bLiNd, Chimpazilla","1031.5",2
"Lampje4life","1031.5",8
"Ryu7x","1031.5",2
"USK","1031.5",2
"Alexander Prievert","1031.5",6
"Hiroyuki Sawano, mpi, Mika Kobayashi","1031.5",2
"Graeme Norgate, Grant Kirkhope","1031.5",8
"Super Nintechno","1031.5",2
"elzfernomusic","1031.5",2
"Monomirror","1031.5",2
"taiki","1031.5",2
"Please Lose Battle","1031.5",2
"Tasogare Frontier,ZUN,alphes","1031.5",4
"Whirligig","1031.5",2
"The Koopa Troop","1031.5",2
"Steven Silo","1031.5",2
"Levi Davis","1031.5",2
"DJ Dain","1031.5",2
"Bjørn Lynne","1031.5",2
"AVTechNO!","1031.5",2
"Bassoonify","1031.5",2
"Chernabogue, Viking Guitar","1031.5",2
"Cliqtrack","1031.5",2
"Yuki Kajiura, Deb Lyons","1031.5",2
"Scott Peeples","1031.2",15
"Masahiko Yoshimura","1031.090909090909",11
"Lashmush","1031",9
"NoTuX","1030.6",5
"Borislav Slavov","1030.6",5
"Kousuke Yamashita, Chad Seiter, Orchestra Nova San Diego","1030.6",5
"Hayata Takeda","1030.6",5
"Last Boss 009","1030.6",5
"Jun Funahashi","1030.375",8
"Hidehiro Funauchi","1030.2727272727273",11
"MkVaff","1030.1764705882354",68
"Terry Scott Taylor","1030",3
"Abadoss","1030",3
"Hiromi","1030",3
"Nobuo Uematsu, Shiro SAGISU, Reiko Nomura","1030",6
"cycerin","1030",3
"Sockpuppet","1030",3
"→Pia-no-jaC←","1030",3
"Itdanslegs","1030",3
"Mark Morgan","1029.5714285714287",7
"8 Bit Weapon","1029.25",8
"AkumajoBelmont","1029.25",8
"BrainCells","1029.25",4
"Reuben6, Gamer of the Winds","1029.25",4
"EAR","1029.25",4
"CrimzonWolf777","1029.25",4
"Linked Horizon","1029.25",4
"Shinji Ushiroda, Maasa Miyoshi, Shiho Fujii, Asuka Hayazaki","1029.25",4
"Justin St. Charles","1029.25",8
"Random","1028.8",10
"The Humble Brothers","1028.8",5
"LuIzA","1028.8",5
"Yoshie Arakawa, Yoshinori Kawamoto","1028.8",5
"Gareth Coker","1028.8",15
"Chris Chudley","1028.8",5
"Kazumi Totaka","1028.7307692307693",26
"The Good Ice","1028.5",6
"DDRKirby(ISQ)","1028.3488372093022",86
"744","1028.2857142857142",7
"Vig","1028.2857142857142",7
"PirateCrab","1028.2857142857142",14
"Matthew S. Harrison","1027.8181818181818",11
"Mark Mothersbaugh","1027.8181818181818",11
"Hirokazu Tanaka","1027.2",45
"Kevin Penkin","1027",4
"Ian Campbell","1027",5
"Rukunetsu","1027",3
"CHiCO, Tomori Kudo, Kenji Hiramatsu","1027",13
"Namco","1027",7
"Michiru Yamane, Yasuhiro Ichihashi","1027",8
"Order of Týr","1027",13
"RetroCompute","1027",5
"Eric Barker","1027",3
"Kazuhiro Nakamura","1027",4
"Takafumi Miura, Shogo Sakai, Yuji Suzuki, Yusuke Takahama","1027",5
"Jonah Senzel","1027",3
"Dragonlord","1027",2
"Shintaro Mori","1027",2
"AISHA","1027",2
"Julia Seeholzer","1027",2
"Mercury Adept","1027",2
"mutagene","1027",2
"Minako Adachi, Go Ichinose, Junichi Masuda, Tomoaki Oga","1027",3
"Shusei Murai, Tsamu Ohashi","1027",2
"LXE","1027",3
"Joey Grady","1027",8
"Takuto Kitsuta","1027",2
"Agent Whiskers","1027",2
"tibone","1027",2
"Serph","1027",2
"Baycunn","1027",2
"Kevin Stephens","1027",2
"Demonstray","1027",3
"sci","1027",2
"Abreu Project","1027",2
"へるしー素浪人","1027",2
"Astral Tales","1026.8",5
"Argle","1026.357142857143",14
"Kozo Nakamura, Yasuhiko Manno","1026.25",12
"Viking Guitar","1026.1818181818182",11
"Video Game Orchestra","1026.1818181818182",11
"A_Rival","1026.15625",32
"Danger","1026.1",10
"RAC","1026",9
"Stephen Kennedy","1025.875",8
"Yasuaki Fujita","1025.6153846153845",26
"flashygoodness","1025.530612244898",49
"Nobuhito Koise","1025.5",6
"Mahito Yokota","1025.448275862069",29
"Yoshito Hirano, Yuka Tsujiyoko","1025.3636363636363",11
"Wintermute","1025.2",5
"Makeup and Vanity Set","1025.2",5
"OceansAndrew, OverClocked University","1025.2",5
"Hiroshi Iuchi","1025.2",5
"Glenn Stafford","1025.2",10
"Keiji Yamagishi, Mayuko Okamura, Hiroshi Miyazaki, Mitsuhito Tanaka","1025.2",5
"Ryo Yonemitsu","1025.2",5
"New Japan Philharmonic Orchestra","1024.923076923077",13
"Hajime Hirasawa","1024.75",8
"Nase","1024.75",4
"Jago","1024.75",4
"Kenichi Matsubara, Yoshinori Sasaki","1024.75",8
"BARx","1024.75",4
"Andrew Filipski","1024.75",4
"Mark Cooksey","1024.75",4
"Kentaro Ishizaka","1024.75",4
"Nekofrog","1024.4285714285713",7
"Crush 40","1024.4285714285713",14
"Yuko Komiyama, Naoto Tanaka","1024.4285714285713",7
"Kan R. Gao","1024.3",10
"Jared Hudson","1024.2857142857142",7
"Akihiro Honda","1024",9
"John Revoredo","1024",6
"Naoya Iwaki","1024",3
"Kyaku","1024",3
"Takuya Maekawa, Yuichi Ozaki, Masami Yone","1024",3
"Video Games Live","1024",6
"Hiroaki Sano","1024",3
"Alek Fleischer","1024",3
"65daysofstatic","1024",3
"Yasushi Asada","1024",3
"Kirby's Dream Band","1023.76",25
"Yoko Kanno","1023.625",16
"Christopher Larkin","1023.4",15
"Naoko Ishii, Waichiro Ozaki, Hiroshi Tanabe","1023.4",5
"Kenji Yamamoto, Kouichi Kyuma","1023.4",10
"Kenny, Oh Chan, Tarkun","1023.4",5
"Yukiko Takada","1023.4",5
"Shusaku Uchiyama, Makoto Tomozawa","1023.4",5
"Tomozou Endo, Naofumi Hataya, Masafumi Ogata, Tomonori Sawada","1023.1428571428571",7
"+tek","1023",9
"Mario 3D World Big Band","1023",9
"Kartmaze","1023",9
"Trenthian","1022.8461538461538",13
"Derris-Kharlan","1022.8461538461538",13
"Gabe Terracciano, Shnabubula","1022.5",2
"AlexOgre","1022.5",4
"Mattias Häggström Gerdt, Jillian Aversa","1022.5",2
"Jeremiah Ross (Module)","1022.5",12
"Chris Lightfoot","1022.5",2
"Basheman","1022.5",2
"Mohmega","1022.5",6
"Daisuke Amaya (Pixel), Danny Baranowsky","1022.5",16
"Toru Minegishi, Keigo Ozaki","1022.5",2
"Koji Kondo, Yoshihiro Arita","1022.5",2
"Croix Baker","1022.5",2
"VGR","1022.5",2
"Tommy Tallarico","1022.5",2
"Triodust, KuensanP","1022.5",4
"Atsushi Fujio, Jun Funahashi, Hidenori Maezawa, Tsutomu Ogura, Kiyohiro Sada","1022.5",4
"Long Dao","1022.5",2
"Destiny, zykO","1022.5",2
"Miwa Sato","1022.5",2
"Tonzurashi Stars","1022.5",2
"Panda P.I.","1022.5",2
"The Engines","1022.5",2
"Ruby Toung","1022.5",2
"Miki Higashino, Yumiko Takahashi","1022.5",2
"Hirokazu Tanaka, Shogo Sakai","1022.5",2
"Gerard Gourley","1022.5",2
"Flying Knee","1022.5",2
"VG Maniak","1022.5",2
"Yasuaki Iwata, Koji Kondo","1022.5",2
"DonutShoes","1022.5",2
"EQUIP","1022.5",2
"YourVinished","1022.5",2
"Kouichi Sakita","1022.5",2
"Retlaf","1022.5",2
"Careless","1022.5",2
"Randy Brown","1022.5",2
"Kureejii Lea, David L. Puga","1022.5",2
"PLBenjaminZ","1022.5",2
"Neskvartetten","1022.5",2
"Python Blue","1022.5",2
"nelward","1022.5",2
"Patti Rudisill","1022.5",2
"Chris T Geehan","1022.5",2
"Hajime Wakai","1022.1538461538462",13
"tenChux","1022.1538461538462",13
"Joe Hisaishi","1022.0909090909091",11
"Masakazu Sugimori","1021.8571428571429",28
"T4N3","1021.8571428571429",14
"YoshiBlade","1021.7894736842105",19
"PrototypeRaptor","1021.7058823529412",17
"PRYZM","1021.7058823529412",17
"Psycosulu","1021.6",5
"3R2","1021.6",5
"Junko Tamiya","1021.5217391304348",23
"Akito Nakatsuka","1021.4615384615385",13
"David Wise, Graeme Norgate","1021.4615384615385",13
"Alph Lyla","1021.375",8
"Magnus \"SoulEye\" Pålsson","1021.3157894736842",19
"Masato Koike, Yuki Matsumura","1021.2727272727273",11
"Akira Yamaoka","1021.24",25
"Pure Sound Inc., Minako Adachi, Kyopi","1021.2142857142857",28
"Darangen","1021.1764705882352",17
"Bobby Prince","1021",6
"Sir Jordanius","1021",9
"The Koopas","1021",3
"Toshio Kajino, Saori Maeda","1021",9
"Masaaki Iwasaki, Shogo Sakai, Takafumi Miura, Yuji Suzuki, Yusuke Takahama, I. Uchida","1021",3
"The Smash Brothers","1021",6
"Jayson Litrio","1021",3
"FKD","1021",6
"Yerzmyey","1021",3
"Jonne Valtonen, Kanagawa Philharmonic Orchestra, Lina Matsuda","1021",3
"Ben McCullough","1021",3
"Bren","1021",3
"Alien.Renegade","1021",3
"Satoshi Asano","1021",3
"gyms","1021",3
"foreversonic","1021",6
"Uncle & the Bacon","1021",3
"DJ EAR","1021",3
"Yuko Komiyama","1020.7",10
"analoq","1020.6470588235294",17
"Fishy","1020.6470588235294",17
"Toshiharu Yamanishi","1020.6470588235294",17
"Naoki Kodaka","1020.6379310344828",58
"Kojiro Mikusa, Masayuki Nagao","1020.4545454545455",11
"Setsuo Yamamoto","1020.4",15
"Tomohiro Harada, COIL, Sadayoshi Okamoto, Yosuke Sato","1020.25",8
"Mike Alsop","1020.25",4
"Katsuro Tajima, Yoshinori Kawamoto","1020.25",4
"The Returners VGM","1020.25",8
"Yu-Peng Chen","1020.25",4
"Triforce Quartet","1020.25",4
"Derek Oren, Jeremy Robson","1020.25",4
"Mark Autumn","1020.25",4
"Chris Christodoulou","1020.1176470588235",17
"Joel Kent","1020",9
"Tee Lopes","1019.8",40
"RF","1019.8",5
"Yasuhiro Kawasaki","1019.8",5
"Harry Gregson-Williams","1019.6363636363636",11
"Jun Senoue, Sonic Adventure Music Experience","1019.5",6
"MJ & DJ OMKT","1019.5",6
"Kazuki Higashihara","1019.5",6
"Jonathan Geer","1019.5",6
"Tim Follin, Geoff Follin","1019.421052631579",19
"Eveline Fischer","1019.2857142857143",14
"Catboss.","1019.2857142857143",7
"chipzel","1019.125",8
"Thomas Happ","1019.125",8
"Jun Ishikawa, Hirokazu Ando","1018.9",20
"Daisuke Ishiwatari, Koichi Seiyama","1018.6923076923077",13
"Anamanaguchi","1018.5294117647059",17
"Super Guitar Bros.","1018.3090909090909",55
"bLiNd","1018.1304347826087",69
"Ryan8bit","1018",4
"Howard Drossin","1018",8
"University of Maryland Gamer Symphony Orchestra","1018",36
"Xaleph","1018",6
"Sota Fujimori","1018",6
"Masaya Kuzume","1018",10
"ABG","1018",6
"Makke","1018",6
"Hy Bound","1018",3
"Yuko Takehara, Toshihiko Horiyama, Makoto Tomozawa","1018",6
"Tadayoshi Makino, Sofia Film Orchestra","1018",3
"ajiponn","1018",5
"Takushi Hiyamuta","1018",5
"K-Waves Lab","1018",7
"Shinya Sakamoto, Atsushi Fujio","1018",4
"Bear McCreary","1018",3
"Kenneth Young, Brian D'Oliveira","1018",2
"Masanao Akahori","1018",7
"Kenmochi Hidefumi","1018",4
"GUIDO","1018",7
"Thomas Kresge","1018",3
"zts","1018",4
"tumult","1018",2
"GeckoYamori","1018",3
"Hige Driver","1018",5
"Asuka Ohta","1018",6
"Manabu Namiki,N.T","1018",5
"Keiji Yamagishi, Ryuichi Nitta, Ichiro Nakagawa","1018",6
"Krispy","1018",3
"GSlicer","1018",3
"Matt E. Waldman","1018",3
"Eight Bit Disaster","1018",4
"AriesT","1018",5
"Mark Hadley","1018",2
"Talkboy Arcade","1018",2
"MC, SGX","1018",2
"Brandon Strader, Usa","1018",2
"Kristin Naigus","1018",3
"Michael Schiciano","1018",2
"Trey Hodge","1018",3
"Aqualung","1018",2
"Mind Waker","1018",2
"Soul in Sadness","1018",2
"Tracy W. Bush, Derek Duke, Jason Hayes, Glenn Stafford","1018",3
"Fallen Seraph","1018",2
"MunzadetH","1018",2
"Masakazu Sugimori, Yasumasa Kitagawa","1018",2
"Capcom, Keiki Kobayashi","1018",2
"Vled Tapas","1018",3
"Soundole","1018",2
"Lucas Guimaraes, ImAFutureGuitarHero, Stemage","1018",2
"Hugo Junstrand","1018",4
"ZeldaRocks","1018",2
"nano","1018",2
"MURO","1018",2
"Ryuji Iuchi","1018",2
"Masahiko Kimura, Motoaki Furukawa, Mariko Egawa","1018",5
"Ephixa","1018",2
"JABBERLOOP","1018",2
"Marshall Art, jmr, streifig","1018",2
"Rich Douglas","1018",2
"Tyler Gonelli","1018",2
"Toshiki Hayashi (%C)","1018",2
"Hirokazu Tanaka, Keiichi Suzuki","1018",3
"Tackle","1018",2
"Nazaki Inoue","1018",2
"Decktonic","1018",2
"Sefiros","1018",2
"DragonAvenger","1018",2
"Jeremy Harris Jones","1018",2
"ZackParrish, Sebastian Mårtensson","1018",2
"Nice! Edmond is Super Sumo-wrestler","1018",3
"The Wingless","1017.4375",16
"Masato Kouda","1017.4",15
"Kanagawa Philharmonic Orchestra","1017.3076923076923",13
"AeroZ","1017.25",24
"Sam Griffin","1017.25",12
"Nobuo Uematsu, Tsuyoshi Sekito, Keiji Kawamori","1017.1818181818181",11
"Grant Kirkhope","1017.1290322580645",31
"Hirokazu Ando, Tadashi Ikegami","1017.1",10
"Masahiro Ikariko, Mutsuhiko Izumi","1017",9
"Danimal Cannon","1016.9615384615385",26
"Revo","1016.9411764705883",17
"Jun Funahashi, Yukie Morimoto, Hidenori Maezawa","1016.9411764705883",17
"Jeroen Tel","1016.9024390243902",41
"Quinn Fox","1016.875",16
"Hidenori Maezawa, Kiyohiro Sada","1016.875",8
"Hidehito Aoki","1016.875",8
"Metroid Metal","1016.8",15
"Makoto Tomozawa","1016.5",12
"James C. Hoffman","1016.5",6
"Garoad","1016.5",12
"Takashi Tateishi","1016.5",18
"Darren Korb","1016.448275862069",29
"David Wise","1016.3928571428571",140
"Shigeru Fukutake, Hidehiro Funauchi, Norio Hanzawa","1016.2",5
"Kenta Nagata, Toru Minegishi","1016.2",5
"František Fuka (Fuxoft)","1016.2",10
"A Shell in the Pit","1016.2",5
"David Wise, Mark Betteridge","1016.2",5
"Tune in with Chewie","1016.2",5
"Junko Shiratsu, Mariko Nanba","1016.2",5
"DarkCecil13","1016.2",5
"Shade","1016.2",5
"Geoff Follin","1016.2",5
"Josh Barron","1016.2",5
"Sebastian Mårtensson","1016.2",5
"Masashi Kimura","1016.2",5
"Hajime Wakai, Shibo Fujii, Mahito Yokota, Takeshi Hama, Koji Kondo","1016.2",5
"Hiroyuki Iwatsuki, Haruo Ohashi","1016.0714285714286",14
"Daniel Brown","1016",27
"Nobuo Uematsu, Kenji Ito","1016",9
"Akitaka Tohyama","1016",9
"missingNo.","1015.9230769230769",13
"Disco Dan","1015.9230769230769",13
"Kousuke Yamashita","1015.8823529411765",17
"Michiru Yamane","1015.8571428571429",84
"Mental","1015.75",4
"jaxx","1015.75",8
"T. Sumiyama, N. Nakazato","1015.75",8
"Misao Senbongi, Shusaku Uchiyama","1015.75",4
"Children of the Monkey Machine","1015.75",4
"Milky Eiko","1015.75",4
"Norichika Sato","1015.75",4
"Ryoji Yoshitomi, Kozue Ishikawa","1015.75",4
"Alan Menken","1015.75",4
"Wolfblur","1015.75",4
"Steffan Andrews","1015.75",4
"Shinobu Tanaka","1015.5454545454545",11
"Mairiba","1015.5454545454545",11
"Yoko Shimomura, Takeharu Ishimoto, Tsuyoshi Sekito","1015.4285714285714",7
"Matt Simmonds (4mat)","1015.4285714285714",7
"Retro Game Remix","1015.4285714285714",7
"Seth Parker","1015.4285714285714",7
"Lena Raine","1015.3529411764706",17
"Tezukake","1015.3",10
"Kenji Hiramatsu","1015.3",10
"BONKERS","1015",12
"Anti-Syne","1015",9
"Hitomi Sato","1015",15
"Eiswuxe","1015",6
"texx sound","1015",3
"Dj CUTMAN, Spamtron","1015",12
"Shiho Fujii","1015",18
"Shiho Fujii, keity.pop, Mari Kikuma","1015",3
"Tomohisa, Iwatan","1015",3
"Yayoi Wachi","1015",3
"Laura Intravia","1015",3
"Kreton","1015",3
"Risa Yuki, Tokuhiko Uwabo (Bo)","1015",3
"Schroeder-Headz","1015",3
"worldsbestgrandpa","1015",3
"Daniel Woodyer","1015",3
"John Paul Hayward","1015",3
"Gryzor87","1015",3
"The Geeky Guitarist","1015",3
"Star Salzman","1014.7857142857143",14
"Mike Morasky","1014.6842105263158",19
"Rare Candy","1014.6666666666666",27
"Terence Lee (Lifeformed)","1014.625",8
"Naoto Shibata","1014.5384615384615",13
"John Baker","1014.5384615384615",13
"Thunderclash","1014.5384615384615",13
"RoBKTA","1014.4",10
"Mitsuhiko Takano","1014.4",10
"Redg","1014.4",5
"Haruki Mino","1014.4",10
"Yoko Ueno","1014.4",5
"Ian Martyn","1014.4",5
"MegaDriver","1014.4",10
"Dylan Wiest","1014.4",5
"StereoPixel","1014.4",5
"Jordan Chin","1014.4",5
"Dizcrybe","1014.4",5
"Hiroshi Yamaguchi","1014.25",12
"Chimpazilla","1014.2105263157895",19
"Tyler Heath","1014.1428571428571",7
"Tomoko Sasaki","1014.1428571428571",14
"Wyvern's Spirit","1014.1428571428571",7
"Gregzilla","1014.1428571428571",7
"Yumi Kawamura","1014.1428571428571",7
"Danny Baranowsky","1014.1285714285714",70
"Minae Fujii","1014.0625",16
"Kenji Yamamoto","1014",54
"The OneUps","1013.9756097560976",123
"Tim Follin","1013.9411764705883",51
"The World Is Square","1013.8214285714286",28
"Harumi Fujita","1013.8",15
"Kenta Nagata, Atsuko Asahi, Yasuaki Iwata, Ryo Nagamatsu, Asuka Hayazaki, Toshiyuki Sudo, Daisuke Matsuoka, Tsukasa Usui, Haruko Torii, Takuhiro Honda, Yutaro Takakuwa, Kairi Hamada, Chisaki Hosaka, Sayako Doi, Reika Nakai","1013.8",15
"Audio Sprite","1013.6666666666666",27
"Martin O'Donnell, Michael Salvatori","1013.6363636363636",33
"Nobuo Uematsu","1013.6304347826087",276
"Chris J. Hampton","1013.5",4
"Yoko Osaka","1013.5",10
"Select Start","1013.5",24
"Tommy Pedrini","1013.5",2
"Kenji Yamazaki","1013.5",10
"That Headband Guy","1013.5",2
"Midee","1013.5",2
"Scoring Helsinki","1013.5",4
"Hayato Sonoda, Wataru Ishibashi, Takahide Murayama, Kohei Wada","1013.5",8
"Norihito Sumitomo","1013.5",2
"Musho","1013.5",6
"Tatsuyuki Maeda, Yutaka Minobe","1013.5",4
"Brenton Kossak & Blaine McGurty","1013.5",2
"Takashi Tateishi, Manami Matsumae, Yoshihiro Sakaguchi","1013.5",6
"IDIOTAPE","1013.5",8
"Daisuke Shinoda","1013.5",6
"sylcmyk","1013.5",2
"Satoshi Igarashi, Naofumi Harada, Hitomi Kurokawa,Masahiro Aoki, Satoshi Setsune","1013.5",4
"The Consouls","1013.5",8
"Jack Wall, Sam Hulick, Richard Jacques","1013.5",4
"Nobuhiko Kashiwara","1013.5",2
"Liquid Wind","1013.5",2
"Masatomo Miyamoto, Takeshi Santoh","1013.5",8
"Insert Rupee, Ben Briggs, halc","1013.5",2
"Yoshitaka Suzuki,Yoko Shimomura","1013.5",2
"Regretted","1013.5",4
"Taylor Ambrosio Wood","1013.5",2
"Ben Emberley","1013.5",2
"BadMojo41","1013.5",2
"The Eluryahn","1013.5",2
"Falcom Sound Team jdk, Toshiharu Okajima","1013.5",2
"Jillian Aversa","1013.5",2
"Buoy","1013.5",2
"Hideaki Kuroda","1013.5",2
"John Michael Hunt","1013.5",2
"Travis Morgan","1013.5",2
"nokbient","1013.5",2
"Snooglebum","1013.5",2
"Orchestral Fantasy","1013.5",2
"Dewey Newt","1013.5",2
"Zach Kohlmeier","1013.5",2
"David Peacock","1013.5",2
"Densle","1013.5",2
"zachaction","1013.5",2
"Emunator, Chimpazilla","1013.5",2
"DavidOrr","1013.5",2
"Naoto Tanaka, Noriyuki Iwadare","1013.5",2
"ZUN","1013.2",75
"Juhani Junkala","1013.2",15
"Mari Yamaguchi","1013.1538461538462",26
"TPR","1013.125",24
"Jonathan Dunn","1013.0909090909091",11
"Shogo Sakai","1013.0645161290323",31
"Tomoko Sasaki, Fumie Kumatani, Naofumi Hataya","1013",9
"Justin Thornburgh","1013",18
"Lyn","1013",9
"GlitchxCity","1012.9375",16
"Natsumi Kameoka","1012.8571428571429",14
"James Landino","1012.8571428571429",7
"Shogo Sakai, Takafumi Miura, Yusuke Takahama","1012.6",5
"Sukenomiya Fujio","1012.6",5
"[erka:es]","1012.6",15
"Taku Inoue","1012.6",5
"Stephane Bellanger, Didier Lord","1012.6",10
"Koji Hayama, Hayato Matsuo","1012.6",5
"George R. Powell","1012.6",5
"Russell Brower, Derek Duke, Glenn Stafford","1012.6",5
"Matt Furniss","1012.4615384615385",13
"KPLECRAFT","1012.4285714285714",21
"The Pancake Chef","1012.375",8
"chibi-tech","1012.3",30
"Toru Minegishi, Manaka Tominaga, Asuka Ohta, Koji Kondo","1012.2727272727273",11
"Akari Kaida, Yoshino Aoki","1012.2727272727273",11
"Hayato Sonoda, Takahiro Unisuga","1012.1764705882352",17
"Paul Hadame","1012",3
"Christophe Héral","1012",18
"Tweex","1012",24
"norg","1012",6
"Shoichiro Sakamoto","1012",3
"Daisuke Ishiwatari, Norichika Sato","1012",18
"Doni","1012",27
"SonikkuXM","1012",3
"Junichi Masuda, Go Ichinose","1012",3
"Hirokazu Ando, Jun Ishikawa","1012",15
"Nittoku Inoue","1012",6
"Banjo Guy Ollie","1012",18
"Yoshimi Kudo","1012",6
"Tokyo Philharmonic Orchestra, Daisuke Shinoda","1012",3
"HertzDevil","1012",3
"Posu Yan","1012",3
"Frog & Cid","1012",3
"Yuki Iwai, Yuko Takehara, Setsuo Yamamoto","1012",9
"Junichi Masuda, Shota Kageyama","1012",3
"Toonorth","1012",3
"Tasogare Frontier,alphes","1012",3
"Greg","1012",3
"Reven","1012",3
"Konami Kukeiha Club, Takahiro Izutani","1012",3
"Alexander Brandon","1011.8928571428571",28
"katethegreat19","1011.8125",16
"Mikel, Dj CUTMAN","1011.7692307692307",13
"Katsuhiko Suzuki, Shigemasa Matsuo, Atsushi Fujio, Norio Hanzawa","1011.7",10
"Koji Kondo, Naoto Kubo, Asuka Hayazaki","1011.5714285714286",7
"Yuzo Koshiro, Masato Nakamura","1011.5714285714286",7
"Landon Podbielski","1011.4545454545455",11
"Yuki Iwai","1011.4230769230769",26
"Steven Morris","1011.25",4
"Kyle Landry","1011.25",4
"Blake Inc.","1011.25",4
"RebeccaETripp, Gamer of the Winds, Medllix, Steven Higbee","1011.25",4
"Fatty Acid","1011.25",4
"wOrm","1011.25",4
"Michael Land, Jesse Harlin","1011.25",4
"Toshiyuki Kakuta","1011.25",4
"Alex James","1011.25",4
"flashygoodness, RESOFORCE","1011.25",4
"Videri String Quartet","1011",18
"Royal Stockholm Philharmonic Orchestra","1011",9
"Takeharu Ishimoto","1010.8",35
"Tony Williams","1010.8",5
"Woofle","1010.8",10
"Elaine Li","1010.8",5
"Stephane Bellanger, Didier Lord, Rémi","1010.8",5
"The Fishhead","1010.8",5
"Masayuki Nagao, Saori Kobayashi","1010.8",5
"Hekdar Thunderfist","1010.8",5
"Allister Brimble","1010.8",5
"Super Soul Bros.","1010.7560975609756",41
"Naoto Kubo","1010.6363636363636",11
"Patrick Burns","1010.5",6
"DigiE","1010.5",6
"Tatsuyuki Maeda","1010.5",12
"Smooth McGroove","1010.5",54
"Kajiya Shitamachi","1010.5",6
"Robyn Miller","1010.5",6
"Linde","1010.5",6
"Keisuke Ito, Yasuhiro Kawagoe","1010.5",6
"Toh-ru Iwao","1010.5",6
"Bad Dudes","1010.5",12
"housethegrate","1010.5",6
"III","1010.4776119402985",67
"Minako Adachi, Junichi Masuda, Go Ichinose, Hiromitsu Maeba, Teruo Taniguchi, Hitomi Sato, Toby Fox","1010.3846153846154",13
"ABSRDST","1010.2857142857143",7
"Motoi Sakuraba, Shinji Tamura, Ryota Furuya","1010.2857142857143",14
"Junichi Masuda","1010.25",72
"Entertainment System","1010.1842105263158",38
"Brian Davis","1010.125",8
"Drakeld","1010.125",8
"Naoto Tanaka, Naoya Kamisaka, Takuya Miyawaki","1010.125",8
"Flanders Symphony Orchestra, Dirk Brosse","1010.125",16
"Hashel05","1010.125",8
"Michiko Naruke","1010.0588235294117",51
"Yoko Shimomura","1010.0102040816327",196
"Naoyuki Sato, Akihisa Matzura","1010",9
"Yasunori Shiono","1009.8035714285714",56
"Tomoko Morita","1009.5",18
"Daniel White (danooct1)","1009.3913043478261",92
"Vernian Process","1009.109756097561",164
"SnappleMan","1009",6
"Kruai","1009",4
"Yuka Tsujiyoko, Saki Haruyama","1009",13
"Jose Acosta","1009",3
"Karsten Obarski","1009",2
"d0d0","1009",3
"Stephen Rippy, Kevin McMullan","1009",5
"RebeccaETripp, Gamer of the Winds","1009",7
"Masahiro Kajihara","1009",11
"Naoshi Mizuta, Akari Kaida, Toshihiko Horiyama","1009",3
"xylo, Wiklund","1009",3
"Tsutomu Narita","1009",9
"Hiroki Koga","1009",10
"Robin Beanland","1009",7
"Memblers","1009",2
"Takashi Tateishi, Shigemasa Matsuo","1009",8
"Johnatron","1009",4
"Xoc","1009",11
"Garpocalypse","1009",2
"Akihito Ohkawa","1009",10
"Peppsen","1009",10
"Layton Grand Caravan Orchestra","1009",5
"J1 Sound Team, Dj CUTMAN","1009",2
"Blake Robinson","1009",10
"Manami Matsumae, Yoshihiro Sakaguchi","1009",3
"mikeblastdude","1009",4
"Ronan \"Mr. Sauceman\" de Castel ","1009",5
"Yuzo Koshiro, Takeshi Yanagawa","1009",2
"Hyde209","1009",4
"Psychrophyte","1009",3
"Dr. Fruitcake","1009",2
"Katsuro Tajima","1009",5
"LSD, Shnabubula","1009",2
"RÄFVEN","1009",3
"Marshall Art, Cory Johnson","1009",4
"Manabu Namiki, Noriyuki Kamikura","1009",4
"Yuki Shimooka","1009",4
"Vylent","1009",2
"Manami Kiyota","1009",6
"chainsaw_09","1009",2
"Vincent Diamante","1009",4
"Amanda Lepre","1009",2
"The Tsunami Effect","1009",2
"Stephane Picq","1009",6
"Takashi Tateishi, Manami Matsumae","1009",2
"I Set My Pixels On Fire, bubu","1009",2
"Natsu System","1009",2
"Thumper","1009",2
"Marc Star","1009",5
"Mariko Nanba","1009",4
"Sean Haeberman","1009",5
"OSTER project","1009",2
"Kasumi Oga","1009",4
"Chjolo","1009",2
"Tomori Kudo","1009",4
"ThePopStarDude","1009",3
"Dinnick the 3rd","1009",7
"Jmabate","1009",6
"Joe Zieja","1009",3
"Will Dawson","1009",3
"Leslie-Anne Snipes","1009",2
"ImAFutureGuitarHero","1009",7
"Yuuta Ogasawara","1009",6
"Sam Hulick","1009",4
"Naruto","1009",2
"Shadow","1009",2
"Graz","1009",2
"Koji Hayama","1009",2
"Tetracase","1009",2
"Hiroyuki Kawada","1009",3
"Robby Duguay","1009",2
"Flake","1009",4
"ShaKe Elite","1009",2
"Key Jay","1009",2
"Thecoolestnerdguy","1009",2
"Siolfor the Jackal","1009",2
"StormSkuggan","1009",3
"Shingo Nishimura","1009",3
"Hiroki Isogai","1009",5
"Noriyuki Kamikura, Falcom Sound Team jdk","1009",2
"Danny Baranowsky, FamilyJules7x","1009",4
"Twistboy","1009",2
"Joel Everett","1009",2
"Naoki Kita","1009",4
"Naoto Kubo, Koji Kondo","1009",2
"EricL Music","1009",2
"Blue Brew Music","1009",2
"Aoki Katsumata","1009",2
"jnWake, Jabo","1009",2
"billysk8r","1009",2
"Vomitron","1009",2
"Mercurial","1009",2
"Mecha_B.E.A.R.","1009",2
"Mega Flare","1009",2
"Claado Shou","1009",2
"koutaq","1009",2
"Bernardo Limon","1009",2
"Bitonal Landscape","1009",2
"Younes Elbayad","1009",2
"Dimeback","1009",2
"Chris Muggli-Miller","1009",2
"Smilius Boticus Maximus","1009",2
"Ryan Barry","1009",2
"Hirokazu Ando, Shogo Sakai, Tadashi Ikegami, Jun Ishikawa","1008.6538461538462",26
"Retro Remix Revue","1008.625",24
"Yasunori Mitsuda","1008.5764705882353",170
"DM DOKURO","1008.4705882352941",17
"Shotaro Seo (MONACA)","1008.4375",16
"Asuka Ohta, Ryo Nagamatsu","1008.3571428571429",14
"Keiichi Suzuki, Hirokazu Tanaka","1008.3571428571429",14
"Norikazu Miura","1008.25",12
"Masayoshi Soken","1008.2058823529412",34
"PeeWee Hill, Michiko Hill","1008.1818181818181",11
"Go Ichinose","1008.1627906976744",43
"OceansAndrew","1008.1290322580645",31
"Yoshihito Yano","1008.1",10
"Hayato Sonoda, Takahiro Unisuga, Ryo Takeshita, Yukihiro Jindo","1008.1",10
"halc","1008",63
"Miyoko Kobayashi, Masanori Hikichi","1008",9
"Akihiko Mori","1007.9615384615385",26
"Rainbowdragoneyes","1007.9411764705883",17
"Richard Jacques","1007.92",25
"FantomenK","1007.875",16
"Rockos","1007.875",8
"Mieko Ishikawa","1007.875",8
"Magical Trick Society","1007.8",15
"+TEK","1007.8",15
"Ryu Umemoto, Ryu Takami, Kazuhiro Kanae","1007.7727272727273",22
"Yoko Shimomura, Isao Abe, Yoshihiro Sakaguchi","1007.7142857142857",7
"Shion","1007.7142857142857",14
"Girlz Melon","1007.7142857142857",7
"Pascal Michael Stiefel","1007.65",20
"Minibosses","1007.56",25
"Simon Viklund","1007.5",12
"Faseeh","1007.5",6
"Arne Hörberg","1007.5",6
"Tsukasa Masuko, T's Music","1007.5",12
"DJ UPPERCUT","1007.5",6
"Glenntai","1007.5",6
"Christophe Héral, Billy Martin","1007.5",6
"Ben Briggs","1007.3928571428571",84
"Big Giant Circles","1007.3880597014926",67
"Youchi Iwata, Kaoru Okada","1007.3636363636364",11
"ZREO","1007.31654676259",139
"Keiichi Okabe, Kakeru Ishihama, Keigo Hoashi, Takafumi Nishimura","1007.2857142857143",21
"Ken Nakagawa","1007.2794117647059",68
"Ako Matsudaira","1007.2",5
"Shogo Sakai, Yusuke Takahama, Masaaki Iwasaki, Seiji Momoi, Yuji Suzuki, Takafumi Miura","1007.2",15
"Kristofer Maddigan","1007.2",20
"K. Praslowicz","1007.2",5
"Nobuo Uematsu, Kanon","1007.2",5
"SwigglesRP","1007.2",5
"Chris ~ Amaterasu","1007.2",5
"Infinity Tone","1007.2",10
"Michael Hoffmann","1007.2",5
"Tokyo Ska Paradise Orchestra","1007.2",5
"Sferro","1007.2",5
"David Russell","1007.2",5
"Dacian Grada","1007.2",10
"Shinra Symphony Orchestra and Chorus, Shotaro Shima","1007.2",5
"David Cookie","1007.2",5
"Gario","1007.125",24
"Kow Otani","1007.125",24
"Deniz Akbulut","1007.0714285714286",14
"Binster","1007",9
"Kayo Konishi, Yukio Kondo","1007",9
"Mika Matsuura","1007",9
"Hiroki Kikuta","1006.9827586206897",58
"C418","1006.9230769230769",13
"Chihiro Fujioka","1006.9230769230769",13
"Yasuaki Iwata","1006.8823529411765",17
"Tater-Tot Tunes","1006.8181818181819",33
"DarkeSword","1006.7924528301887",53
"Ben Briggs, Insert Rupee, halc","1006.75",4
"Vesuvia Ecky","1006.75",4
"Mark Vera","1006.75",4
"RoboRob","1006.75",8
"Masahiko Ishida","1006.75",4
"Mr.T","1006.75",4
"Masatomo Miyamoto, Take Shant, Shin-kun, Pazu","1006.75",12
"Kanako Kakino","1006.75",4
"Tepid","1006.75",8
"Tonindo","1006.75",8
"BogusRed","1006.75",4
"SharpRainMusic","1006.75",4
"Takashi Horiguchi","1006.75",8
"Ronin Op F","1006.75",4
"Kirikiri-Chan, Naoshi Mizuta, Akari Kaida","1006.75",8
"Pixel Pirates","1006.75",4
"Daniel Tidwell","1006.7252747252747",91
"zykO","1006.6",15
"DS Music","1006.5454545454545",11
"Masahiko Kimura","1006.5454545454545",11
"Ralph Vickers (Rakohus)","1006.5",18
"Yoshito Sekigawa, Shoh Murakami, Yoshiaki Kimura, Hiroki Morishita, Fumihiro Isobe","1006.5",18
"Rellik","1006.4285714285714",7
"Cerrax","1006.4285714285714",7
"Woofle, Strife","1006.4285714285714",14
"Keiichi Suzuki","1006.4285714285714",7
"4sk","1006.4285714285714",7
"Pegster McDudeson","1006.4285714285714",7
"Delldongo","1006.375",72
"Jun Ishikawa","1006.3333333333334",27
"JD Harding","1006.3",10
"Minae Fujii, Yasuaki Fujita","1006.3",10
"Yasuaki Fujita, Yoko Shimomura, Minae Fujii, Mari Yamaguchi","1006.2307692307693",13
"Devastus","1006",6
"Patrick Phelan, Ashley Bennett, Paul Hiley","1006",3
"Josh Whelchel","1006",9
"Txai","1006",9
"David Wise, Grant Kirkhope","1006",12
"Blake Perdue","1006",3
"OverClocked Assembled","1006",3
"Masayoshi Soken, Ken Ito","1006",3
"Yuki Haruda","1006",6
"LindsayAnne Pepper","1006",3
"Andrew Sega","1006",3
"Yoshiyuki Sahashi","1006",3
"Michiru Oshima","1006",3
"Electric Concerto","1006",3
"The Lost OST","1006",3
"Daniel Romberger","1006",6
"CHiCO","1006",3
"Hideaki Kobayashi, Fumie Kumatani","1006",6
"Jormungand","1006",3
"bryface","1006",3
"SuperiorX","1006",3
"Earth Kid","1006",9
"Dr.RD","1006",3
"Yoshiaki Kashima","1006",3
"Phil Vachey","1006",6
"Kohei Wada","1006",3
"Keiichi Okabe, Keigo Hoashi","1006",3
"Mazedude","1005.8965517241379",87
"Malcos","1005.8965517241379",29
"coatlesscarl","1005.8846153846154",52
"Jeremiah Sun","1005.8695652173913",23
"Salamander Factory","1005.85",20
"Capcom","1005.85",20
"Toshihiko Horiyama","1005.8064516129032",31
"The 8-Bit Big Band","1005.7272727272727",33
"CHiCO, Tomori Kudo","1005.7272727272727",11
"Noriyuki Kamikura","1005.7",30
"Emunator","1005.6842105263158",19
"Cityfires","1005.625",32
"Hidehiro Kawai","1005.625",8
"Jeff Ball","1005.6065573770492",61
"Hideyuki Fukasawa","1005.6037735849056",53
"Megan McDuffee","1005.5714285714286",21
"FamilyJules7x","1005.5570469798657",149
"Satoshi Ishikawa","1005.5384615384615",13
"Kenichi Matsubara, Yasuhiko Manno, J. Chuuma","1005.4",5
"Keisuke Ito, Yasuhiro Kawagoe, Noriko Murakami","1005.4",5
"James Hannigan","1005.4",15
"Dj Redlight","1005.4",5
"heymagurany","1005.4",5
"Toshio Kajino, Mitsuhiko Takano","1005.4",10
"Brick BRKer","1005.4",5
"TrickyWolfy","1005.4",5
"Rob King,Paul Romero","1005.4",5
"Chris Porter","1005.4",5
"Xavier Dang (mv)","1005.3571428571429",42
"Trevor Alan Gomes","1005.2941176470588",34
"Kazunaka Yamane","1005.2105263157895",19
"Akari Kaida","1005.2105263157895",38
"Theophany","1005.0869565217391",23
"Siena Wind Orchestra","1005.0294117647059",34
"SGX","1005",9
"Arata Iiyoshi, Atsuhiro Ishizuna","1005",18
"Ben Landis","1005",9
"CSGuitar89","1004.8333333333334",54
"N.EX.T","1004.8",15
"Daisuke Achiwa","1004.7647058823529",34
"Keiichi Okabe","1004.7352941176471",34
"Hiroshige Tonomura","1004.7142857142857",21
"Shoji Meguro","1004.6551724137931",116
"Zebes System","1004.6046511627907",43
"Jewbei","1004.5",8
"TmX","1004.5",2
"Adam Gilmore","1004.5",2
"Dubmood","1004.5",12
"freezedream","1004.5",4
"Eric Buchholz","1004.5",18
"jnWake","1004.5",4
"VizardJeffhog","1004.5",4
"Siamey","1004.5",6
"Foxx","1004.5",2
"Tommy '86","1004.5",4
"Moonbike","1004.5",6
"Risa Yuki, Sega","1004.5",2
"Roboctopus","1004.5",2
"Rie Akagi","1004.5",2
"Hideki Kanazashi, Hiroaki Suga","1004.5",2
"Yui Morishita","1004.5",2
"Zhenlan Kang","1004.5",2
"TheKrow","1004.5",2
"Freen in Green","1004.5",4
"Roger Matthews, David Matthews","1004.5",2
"Shitamachi Kajiya, Mayu","1004.5",6
"Blen","1004.5",2
"Tetrimino","1004.5",6
"StyrofoamShotgun","1004.5",2
"Toshiyuki Ueno","1004.5",4
"Chris Brayman","1004.5",4
"Beej","1004.5",2
"Verdegrand","1004.5",4
"Kanjika","1004.5",4
"Pokérus Project","1004.5",4
"sschafi1","1004.5",2
"Team Friesen","1004.5",4
"Emunator, Flexstyle","1004.5",2
"Matías Lati Quezada","1004.5",2
"ThunderScott","1004.5",2
"Danilo Ciaffi, Chromatic Apparatus, Gamer of the Winds, KestrelGirl, Psamathes, RichGC","1004.5",2
"Konami Kukeiha Club, Naoki Maeda","1004.5",2
"Norihiko Togashi","1004.5",4
"Waterflame","1004.5",4
"Koji Kondo, Toshiyuki Watanabe","1004.5",2
"Chris Tilton","1004.5",2
"Best Dude 55","1004.5",2
"Dong","1004.5",2
"aneurySm","1004.5",2
"Mikeaudio","1004.5",6
"Ralfington","1004.5",2
"Yoga Boner","1004.5",2
"Andersongs87","1004.5",2
"Do A Barrel Roll!","1004.5",4
"Christian Richardson","1004.5",4
"Shake Elite","1004.5",2
"Jordan Chin, Tiago Rodrigues","1004.5",2
"Justin Levine","1004.5",2
"Moisés Nieto","1004.5",2
"Pablo Enver","1004.5",2
"Janne Sala","1004.5",2
"Fredrik Häthén & Friends","1004.5",2
"Tomoaki Hirono","1004.5",2
"hylianensemble","1004.5",2
"The Cynic Project","1004.5",2
"Khalal, Nintendo Guru","1004.5",2
"prophetik music, Fishy","1004.5",2
"Vincent Rubinetti","1004.5",4
"Yoozer","1004.5",2
"RiverSound","1004.5",2
"Sauraen","1004.5",2
"Cédric Joder","1004.5",2
"Daemon9623","1004.5",2
"Nautilus T Party","1004.5",2
"Materia Collective","1004.5",2
"Jace","1004.5",2
"BARx, Jabo","1004.5",2
"Tomoya Ohtani, Yutaka Minobe","1004.5",2
"Tokyo Philharmonic Orchestra","1004.421052631579",57
"Trey Frey","1004.2352941176471",17
"DJ MAX-E","1004.1538461538462",26
"Yasunori Nishiki","1004.1142857142858",35
"Little V","1004.0909090909091",11
"Miyoshi Okuyama","1004.0909090909091",11
"Lyn, Yumi Kawamura, Shihoko Hirata,  Lotus Juice","1004.0909090909091",11
"Armcannon","1004.05",20
"Mustin","1004",27
"Yoshiji Yokoyama, Takashi Tateishi","1004",9
"KoheeanBand","1004",9
"Hayato Sonoda, Takahiro Unisuga, Saki Momiyama","1003.9375",16
"Mark Sparling","1003.8571428571429",7
"Clint Bajakian","1003.8571428571429",7
"Alexander Brandon, Michiel van den Bos","1003.8571428571429",7
"Atsuko Asahi","1003.8571428571429",14
"Yuko Takehara","1003.8",45
"Yousuke Yasui","1003.7894736842105",19
"ZackParrish","1003.7894736842105",19
"Fearofdark","1003.7241379310345",29
"Paul Gadbois, David Delia, Brad Scott Gish, Howard Drossin","1003.6",5
"Doc Nano","1003.6",5
"Hirosato Noda","1003.6",10
"Kiyohiro Sada","1003.6",15
"Soyo Oka, Hiroaki Suga, Hideki Kanazashi","1003.6",5
"Tokyo Philharmonic Orchestra, Tomomichi Takeoka","1003.6",5
"Paul Webb, Ken Moore","1003.6",5
"Goemon Production Team","1003.6",10
"Yu Manabe","1003.6",5
"The Primals","1003.6",5
"WillRock","1003.5714285714286",63
"LaiD Back Devil","1003.5217391304348",23
"Yuichi Sakakura, Tomoya Tomita, Kozo Nakamura","1003.4615384615385",13
"Soyo Oka, Taro Bando","1003.375",8
"Justin Scharvona, Karin Griffin, Martin Gwynn Jones","1003.375",8
"Mike Peacock, Darren Radtke, Chad York, Scott McFadyen, Davor Vulama","1003.375",8
"Hiroshi Miyazaki, Kaori Nakabai, Rika Shigeno","1003.2727272727273",11
"Tim Sheehy (Kaijin)","1003.2142857142857",28
"Norio Hanzawa","1003.2142857142857",14
"Ghetto Lee Lewis","1003.2142857142857",14
"coda","1003.1935483870968",31
"Junya Nakano","1003.1764705882352",17
"zircon","1003.0895522388059",67
"Palpable","1003",9
"Katsuya Yamano","1003",12
"Yoann Turpin","1003",27
"Stemage","1003",9
"Grayscale Band","1003",9
"Hiroshi Okubo","1003",15
"Viking Guitar Live","1003",6
"Kenta Higashiohji","1003",9
"GuitarSVD","1003",9
"Shion Himekawa","1003",3
"Metal Man","1003",3
"ARM","1003",3
"Lauren the Flute","1003",3
"VaVa","1003",3
"Jun Irie, Katsuhiko Suzuki","1003",3
"Wiesty","1003",3
"Mordra","1003",3
"Hyper Potions","1003",3
"Schneider Souza","1003",6
"R-Man","1003",3
"Argitoth","1003",3
"Zac Zinger","1002.8421052631579",19
"Konami Kukeiha Club","1002.7692307692307",104
"Funk Fiction","1002.7692307692307",13
"Yuki Kajiura","1002.7692307692307",13
"Piano Squall","1002.7692307692307",13
"Super Marcato Bros.","1002.7692307692307",13
"Machinae Supremacy","1002.7209302325581",43
"Steve Jablonsky","1002.7",10
"Calavera","1002.7",10
"DSC","1002.5961538461538",104
"Atsuko Iwanaga","1002.5714285714286",7
"fu_mou","1002.5714285714286",7
"ROCK-MEN","1002.5714285714286",28
"Jer Roque","1002.5714285714286",7
"aivi, surasshu","1002.5",18
"Takeshi Abo, Chiyomaru Shikura, Toshimichi Isoe, Kanji Saito","1002.4545454545455",22
"Knight of the Round","1002.4",15
"Sir_NutS","1002.3684210526316",38
"TGH","1002.3478260869565",23
"Kumi Tanioka","1002.3023255813954",43
"Super Marcato Bros., Karl Brueggemann, Will Brueggemann","1002.25",20
"Kentaro Koyama","1002.25",8
"Koji Yamada, Yuko Ishii","1002.25",8
"Kidd Cabbage","1002.25",4
"Keiichi Oku","1002.25",12
"Luna Umegaki","1002.25",12
"Pyro Paper Planes","1002.25",4
"ymK","1002.25",4
"Kouji Murata","1002.204081632653",49
"Shota Kageyama","1002.2",45
"LukHash","1002.1774193548387",62
"Cabel Sasser","1002.1428571428571",21
"Noriyuki Iwadare","1002.1176470588235",153
"Kozo Nakamura, Tomoya Tomita, Kenichi Matsubara, Yoshinori Sasaki, Satoko Minami, Kenichiro Fukui","1002.1176470588235",17
"Ryo Nagamatsu","1002.1",30
"Azusa Chiba","1002",9
"Ziwtra","1001.8947368421053",19
"Jake Kaufman (virt)","1001.8566433566433",286
"k-wix","1001.8",25
"Renegade 8","1001.8",5
"Jovette Rivera","1001.8",5
"Team Teamwork","1001.8",15
"Sir Telias","1001.8",5
"Zircon","1001.8",5
"Gunderslam","1001.8",5
"Stephen Rippy","1001.6875",16
"Yuzo Koshiro","1001.6708860759494",237
"JJT","1001.6363636363636",11
"Toxodentrail","1001.6363636363636",11
"Michael Land","1001.551724137931",29
"Peter McConnell","1001.5428571428571",35
"Daisuke Amaya (Pixel)","1001.5428571428571",35
"Shibayan","1001.5",6
"Andy Tunstall","1001.5",6
"Dave Hayes, George Alistair Sanger, David Govett, David Warhol, Chris Grigg, David Lawrence","1001.5",6
"Chris Holland","1001.5",12
"Akihiro Juichiya, Tomoya Tomita","1001.5",6
"Alex Garcigregor","1001.5",6
"Maitaro","1001.35",20
"Johan Lindgren","1001.2857142857143",7
"Spencer Nilsen","1001.2857142857143",21
"Chris Hülsbeck, Fabian Del Priore","1001.2857142857143",7
"Cody Wright","1001.2857142857143",14
"Shihoko Hirata","1001.2857142857143",7
"Shusaku Uchiyama, Takeshi Miura","1001.2857142857143",7
"Orie Falconer","1001.2857142857143",7
"Falk","1001.2857142857143",7
"Joshua Taipale","1001.2857142857143",7
"Flexstyle","1001.125",24
"Tsuyoshi Sekito","1001.125",48
"Tony Dickinson (Prince uf Darkness)","1001.125",8
"insaneintherainmusic","1001.125",24
"ASCII Entertainment","1001.125",8
"The Runaway Five","1001",9
"Raphael Müller, Washington Rayk","1001",9
"prophetik music","1000.9310344827586",29
"Balloonbear","1000.9",10
"Kain White","1000.9",10
"ThePlasmas","1000.8534482758621",116
"soundTeMP","1000.84375",32
"Diggi Dis","1000.8181818181819",22
"Tomori Kudo, CHiCO","1000.8181818181819",22
"Kenichiro Fukui","1000.75",12
"Helynt","1000.75",12
"Sega","1000.72",25
"Chris Hülsbeck","1000.6428571428571",28
"On Being Human","1000.6",15
"posu yan","1000.5625",16
"Hitoshi Sakimoto","1000.5586206896552",145
"Hidenori Shoji","1000.5454545454545",33
"Careless Juja","1000.5294117647059",17
"undefined","1000.4931506849315",73
"Jacob Lincke","1000.4736842105264",19
"Masafumi Takada","1000.4615384615385",39
"Ailsean","1000.4285714285714",21
"Minako Adachi, Shigeki Hayashi","1000.4285714285714",21
"Vic Viper","1000.4285714285714",21
"Carl Mylo","1000.4090909090909",22
"n00bstar","1000.4090909090909",22
"Descendants of Erdrick","1000.3461538461538",26
"Kazuo Sawa","1000.2571428571429",35
"Braxton Burks","1000.2045454545455",88
"Masahiro Andoh, Ted Namba","1000",7
"Tadashi Ikegami","1000",4
"Yoshino Aoki, Taro Iwashiro","1000",6
"Masashi Kageyama","1000",14
"Shinya Okada","1000",7
"Keiji Yamagishi","1000",10
"Derek Duke,Glenn Stafford,Neal Acree,Russell Brower","1000",15
"Jean Chan","1000",2
"Chris Abbott","1000",2
"Mitsuharu Fukuyama","1000",4
"Laura Karpman","1000",4
"Yffisch","1000",4
"Hiroki Hashimoto","1000",6
"Koji Kondo, Nobuo Kurita","1000",5
"Donald S. Griffin","1000",5
"Shawn Daley","1000",9
"Wizwars","1000",8
"Hirofumi Sasaki","1000",2
"Chance Thomas,Turbine","1000",8
"Hiroki Isogai, Ippo Yamada","1000",2
"Christian Pacaud","1000",12
"Hirokazu Tanaka, Minako Hamano, Kentaro Nishimura","1000",3
"JustChris","1000",4
"Yasumasa Kitagawa","1000",13
"Yasuyuki Nagata","1000",5
"Laffe the Fox","1000",5
"Marty Brueggemann","1000",18
"Yuya Mori","1000",17
"Clark Aboud","1000",5
"Leavv","1000",4
"Kenichi Mitsuda","1000",3
"Hiroaki Takahashi","1000",2
"Aaron Cherof","1000",2
"Elemental Games","1000",3
"The Protomen","1000",8
"MasterJace","1000",7
"OverCoat","1000",5
"Darkman007","1000",6
"Junko Ozawa","1000",2
"The Reign Of Kindo","1000",2
"Snappleman","1000",4
"Ryudai Abe","1000",3
"Hidehito Aoki,  Kenichi Tsuchi","1000",4
"HoboKa","1000",5
"Cazok","1000",4
"Swum","1000",4
"FILMharmonic Orchestra Prague","1000",12
"Aki Kuroda","1000",13
"Matt Pollard","1000",2
"Kiyohiro Sada ","1000",5
"Zef","1000",7
"deim0s","1000",4
"Usa","1000",6
"William Reyes","1000",3
"Droidekka","1000",3
"William Carlos Reyes","1000",2
"Syunsuke Takizawa","1000",3
"The Gamba Geek","1000",2
"Flitz&Suppe","1000",4
"G.K","1000",8
"Ruzarin Kashiwagi","1000",4
"SuperPsyguy","1000",4
"Can of Nothing","1000",2
"Twin AmadeuS","1000",2
"Peter M. Crockett","1000",2
"Ian Luckey","1000",2
"Yuji Masubuchi","1000",2
"Prime Legion","1000",2
"Mr. Luxarina","1000",2
"Ruclefia","1000",2
"Tim Rosko","1000",2
"Louie Aronowitz","1000",3
"Alex Hill","1000",2
"Dr.RD, G.K","1000",6
"Flanders Symphony Orchestra","1000",2
"minusworld, Graham Hardaway","1000",2
"Toru Minegishi, Manaka Tominaga, Shiho Fujii","1000",5
"Tomoya Ohtani, Takahito Eguchi","1000",5
"Dhsu, Mustin","1000",2
"General Offensive","1000",5
"The Symphonic Games","1000",5
"Masahiro Ikariko, Mutsuhiko Izumi, Yuko Kurahashi, Tsuyoshi Sekito, Yuji Takenouchi, Tomoya Tomita, Kazuhiko Uehara","1000",8
"AMT","1000",2
"Forrest Powell","1000",2
"dannyshock","1000",2
"Andrew Lim","1000",2
"James Moats","1000",3
"Subversiveasset","1000",2
"FingerstyleGaming","1000",2
"Misha Mansoor","1000",2
"Project Genesis","1000",2
"Moa Lenngren","1000",2
"EndlessRepeat","1000",2
"Steven Velema, Hubert Lamontagne","1000",2
"Chickenwarlord, Lemonectric","1000",2
"Cromkayer","1000",2
"-45","1000",2
"Maxo","1000",2
"Standby","1000",2
"Peach","1000",2
"Kylok","1000",2
"David KBD","1000",2
"BlackearacheXD","1000",2
"Manaka Kataoka, Koji Kondo","1000",2
"Auxcide","999.8831168831168",77
"Hirokazu Ando","999.7692307692307",39
"Tomoya Ohtani","999.7567567567568",37
"Super Marcato Bros., Karl Brueggemann, Will Brueggemann, Marty Brueggemann","999.7096774193549",31
"Junichi Nakatsuru","999.5909090909091",22
"Xenon Odyssey","999.5",18
"Hideki Sakamoto","999.4",30
"GrayLightning","999.4",15
"Rozen","999.4",30
"Rozen, Reven","999.4",15
"Kelly Bailey","999.3571428571429",14
"Minako Adachi, Go Ichinose","999.1818181818181",11
"Andrew Hulshult","999.1818181818181",11
"Noriyuki Iwadare, Isao Mizoguchi, Two Five","999.1818181818181",11
"Manuel Mora","999.1",80
"Stuart Chatwood","999.1",10
"Jun Senoue","999.1",60
"Will Brueggemann","999.0357142857143",28
"Keita Hoshi, Makiko Tanifuji","999",9
"Cyril the Wolf","999",9
"djpretzel","998.9714285714285",70
"Quarter Circle Jab","998.9615384615385",26
"Ian Stocker","998.92",25
"Hiroyuki Iwatsuki","998.9090909090909",33
"Wataru Hokoyama","998.875",8
"Kunihiko Ryo","998.875",8
"Tomohito Nishiura","998.8545454545455",55
"Hiroshi Kawaguchi","998.7727272727273",22
"Protricity","998.7142857142857",28
"xylo","998.7142857142857",7
"Atsushi Kitajoh","998.7142857142857",49
"Harumi Shiina","998.7142857142857",7
"xyce","998.7142857142857",28
"Steve Burke","998.7142857142857",7
"Yoshitaka Azuma","998.7142857142857",7
"Nazaki Inoue, Kame Hirarin","998.6153846153846",13
"R-MEGA","998.6153846153846",13
"Dale North","998.578947368421",38
"Keiki Kobayashi","998.5405405405405",37
"Iku Mizutani, Koichi Yamanishi","998.5",12
"Takenobu Mitsuyoshi","998.5",6
"David Wise, Grant Kirkhope, Matt Griffin, Dan Murdoch","998.4117647058823",17
"Tomoya Tomita, Misaki Asada","998.3636363636364",22
"Tomoya Tomita","998.3421052631579",38
"Petriform","998.2",15
"Black Cat Lounge","998.2",20
"OverClocked University","998.2",5
"Koji Sakurai","998.2",5
"Curtis Schweitzer","998.2",10
"Hiroyuki Misawa","998.2",5
"Russell Brower, Neal Acree, Sam Cardon, Edo Guidotti, Jeremy Soule","998.2",5
"injury (Starla)","998.2",5
"Mariam Abounnasr","998.2",5
"Tarnya","998.2",5
"OWN EYE MUSIC","998.2",5
"Ayumi Iga","998.2",5
"Mykah","998.2",5
"The Megas","998.1632653061224",49
"XPRTNovice","997.9230769230769",13
"Camille Schoell","997.9230769230769",26
"Manami Matsumae","997.9069767441861",43
"Jonas Tunander","997.9",30
"Brad Fuller","997.75",4
"Patrick Phelan","997.75",4
"Jason Covenant","997.75",8
"Masami Ueda, Saori Maeda","997.75",4
"Hidenori Maezawa, Yuichi Sakakura, Harumi Ueko","997.75",4
"Smooth4Lyfe","997.75",4
"Holy Konni","997.75",4
"Mesmonium","997.75",4
"Charles Ritz","997.75",4
"Nintendo Sound Team","997.75",4
"Manami Matsumae, Mari Yamaguchi","997.75",4
"Fxsnowy","997.75",4
"AzureKevin","997.75",4
"Joren de Bruin (Tensei-San)","997.75",4
"Ari Pulkkinen","997.6",15
"Naofumi Hataya","997.5853658536586",41
"505","997.5454545454545",22
"Video Game Jazz Orchestra","997.5454545454545",11
"José the Bronx Rican","997.5454545454545",11
"Naoko Mitome, Chika Sekigawa","997.5454545454545",11
"The Kode","997.5454545454545",11
"8 Bit Instrumental","997.525",40
"Takuya Yasuda","997.5",18
"Sam Dillard","997.4565217391304",46
"JohnStacy","997.4285714285714",7
"Rom Di Prisco","997.4285714285714",7
"Kiminori Atsuta","997.4285714285714",7
"Russell Shaw ","997.4285714285714",7
"Neon X","997.4285714285714",7
"Mozzaratti","997.4285714285714",7
"Mayuko Kageshita","997.4285714285714",7
"Draskon","997.4285714285714",7
"Atsuki Yoshida","997.3",10
"ryo","997.2307692307693",13
"Jun Chikuma","997.2068965517242",29
"Rob Hubbard","997.1875",16
"Masami Ueda","997.1578947368421",19
"SAVESTATES","997.1276595744681",47
"Yoshito Hirano","997.12",25
"Koichi Sugiyama","997.09375",96
"Manabu Namiki","997",39
"Yoshio Hirai","997",6
"Justin Tense","997",3
"Chikayo Fukuda","997",36
"Mark Klem","997",6
"Béatrice Martin (Coeur de Pirate)","997",12
"Mutato Muzika","997",9
"Saitama Saisyu Heiki","997",42
"Masami Ueda, Shusaku Uchiyama, Shun Nishigaki","997",6
"Ippo Yamada","997",9
"Michiel van den Bos","997",6
"Trent \"Basstronix\" Robertson","997",6
"Mattias Häggström Gerdt, DragonAvenger","997",3
"Steampianist","997",3
"Ian Taylor","997",3
"Matheus Manente","997",6
"Tadayoshi Makino","997",12
"Koji Kondo, Shigeo Nukita","997",3
"Ken Ito","997",6
"Nymano","997",3
"Yukie Sugawara","997",3
"Masato Nakamura, Jun Senoue","997",3
"Ro-Bear","997",3
"Ikuro Fujiwara","997",3
"Brian Czernikowski","997",3
"Jorito, Earth Kid","997",3
"M Benson","997",3
"Dean Nguyen","997",3
"Masayoshi Soken, Kenichi Kuroda","997",3
"Tetsuya Kobayashi","997",3
"Takegorou Kobayashi","997",3
"Sharkma","997",3
"Rexeljet","997",3
"MITSUO, Yasumasa Yamada, Hirotomi Imoto, Jojouha Kitapy, Yasuhiro Naka, Hideyuki Ashizawa","997",3
"Shinsekai Gakkyoku Zatsugidan, Ayumi Yasui","997",3
"Will Buck","997",3
"ANARCHY TAKAPON, Masato Kouda","997",3
"Unknown","997",3
"Mikel","996.8235294117648",17
"Minako Hamano","996.8235294117648",17
"Minako Adachi","996.8125",48
"Blue Magic","996.7857142857143",14
"Eminence","996.7272727272727",11
"Norrin_Radd","996.7272727272727",11
"Riyou Kinugasa, Kengo Hagiwara","996.625",16
"Mutherpluckin' B","996.625",16
"David Clynick","996.625",8
"Justin Scharvona","996.5384615384615",13
"Keiko","996.516129032258",31
"Lemonectric","996.5102040816327",49
"Hidenori Maezawa, Motoaki Furukawa","996.4",10
"Reyn Ouwehand","996.2941176470588",17
"Jeremy Soule","996.2941176470588",17
"Powerglove","996.2941176470588",17
"Hyakutaro Tsukumo","996.25",24
"Kinuyo Yamashita","996.2258064516129",62
"Phonetic Hero","996.2105263157895",19
"Ryu Umemoto","996.1428571428571",28
"The Orichalcon","996.1428571428571",14
"EXCELSIA","996.1428571428571",7
"Miki Higashino","996.1428571428571",42
"Kiyoshi Yokoyama, Masaki Kase","996.1428571428571",7
"dj-Jo","996.1428571428571",7
"Yoko Mizuta","996.1428571428571",7
"Great Nakamura","996.1428571428571",7
"NESkimos","996.1081081081081",37
"Go Shiina","996.0126582278481",79
"Matt Gray","996",9
"Yoko Shimomura, Natsumi Kameoka","996",9
"Jinbae Park (ESTi)","996",9
"Shinichi Sakamoto","995.9090909090909",11
"Hiroki Kikuta, Noriyasu Agematsu","995.9090909090909",11
"goat","995.9090909090909",11
"X-Hunters","995.9090909090909",33
"Akihiro Juichiya","995.8",15
"Ichiro Shimakura","995.7142857142857",21
"Nozomu Nakahashi, Keita Hoshi","995.5",6
"Masami Yitsuse, M. Yoshida, Y. Mizusawa","995.5",8
"Skip Cloud","995.5",6
"Michiya Hirasawa","995.5",8
"Tsukasa Tawada","995.5",16
"Mieko Ishikawa, Masaaki Kawai, Ryo Yonemitsu","995.5",8
"Taro Bando,Hajime Wakai","995.5",6
"David Logan","995.5",4
"FFmusic Dj","995.5",10
"Arceace","995.5",6
"The Game Brass","995.5",10
"A-dash","995.5",8
"Kaoru Okada","995.5",10
"Takao Kawana","995.5",2
"Manack","995.5",2
"Kenji Eno","995.5",2
"LongBoxofChocolate","995.5",6
"Lucas Guimaraes","995.5",6
"Paul Linford","995.5",4
"Lance Hayes","995.5",4
"DS","995.5",4
"Kiyoshi Yoshida","995.5",2
"Shoes","995.5",2
"Mat Clark, Kenneth Young","995.5",2
"Masayoshi Soken, Kumi Tanioka","995.5",10
"Tor Linløkken","995.5",2
"Jeff Tymoschuk","995.5",4
"Yukio Kaneoka, Hirokazu Tanaka","995.5",2
"muZik","995.5",2
"TheDeath, Usa","995.5",2
"Shiho Fujii,Ryo Nagamatsu","995.5",10
"Tomohito Nishiura, Yumiko Hashizume","995.5",10
"ConSoul Big Band","995.5",4
"TheBitterRoost","995.5",2
"Yoshitaka Suzuki, Shota Nakama","995.5",2
"Yukihide Takekawa","995.5",4
"Hat","995.5",4
"Paul Blackford","995.5",2
"Big Giant Circles, zircon","995.5",2
"Seiichi Hamada","995.5",2
"Mark \"Blaz\" Soto","995.5",2
"Yendorami","995.5",2
"Flavien Morel","995.5",2
"Psamathes","995.5",2
"Risa Oki","995.5",2
"Konami Kukeiha Club, Hiroki Koga","995.5",2
"Hayato Sonoda","995.5",2
"8-Bit Philharmonic","995.5",2
"Joshua Morse, Anthony Lofton","995.5",2
"Eiko Ishiwata","995.5",2
"Hadyn","995.5",4
"Master Jace","995.5",2
"Toru Minegishi, Hiroaki Takeuchi","995.5",2
"Masaru Setsumaru","995.5",2
"Waveshaper","995.5",2
"John Robert Matz","995.5",2
"Dann Link","995.5",4
"Stefan Norlin","995.5",2
"RichGC","995.5",4
"Megumi Ohara","995.5",6
"Haawke","995.5",2
"Tyler Rydosz","995.5",2
"XenoKeyz","995.5",2
"Masha Lepire","995.5",2
"Jon Bash","995.5",2
"Olivier Deriviere","995.5",2
"Yuri Matsuura, Falk","995.5",2
"EXshad","995.5",2
"Jack Wall, Sam Hulick","995.5",2
"Nobuyoshi Sano","995.5",2
"Roger Matthews","995.5",2
"Emperor","995.5",2
"Daisuke Endo","995.5",2
"Matthew Walker","995.5",2
"Hideya Nagata","995.5",2
"waxingeloquent","995.5",2
"HIDEAWAYS","995.5",2
"Hiroshi Takaki","995.5",2
"THE PRIMALS, Yoshino Nanjo","995.5",2
"Monomer","995.5",2
"Peter McConnell, Clint Bajakian, Michael Land, Justus Dobrin, Eli Hludzik","995.5",2
"grooveman Spot","995.5",2
"Kristin Naigus, David Russell, Sebastian Wolff","995.2857142857143",21
"Random Encounter","995.21875",32
"bjulin, Martin Schioeler, Manfred Linzner","995.2",15
"Kemco","995.125",24
"Hiroyuki Sawano","995.0909090909091",11
"Masayoshi Soken, Nobuko Toda, Yoshitaka Suzuki","995.0909090909091",11
"Cory Johnson","995.0344827586207",29
"Toshiki Konishi","995",9
"Jay Werner","994.8571428571429",7
"Hayato Matsuo","994.8571428571429",7
"Takeshi Abo, Chiyomaru Shikura","994.8571428571429",7
"Stephane Picq,Philip Ulrich","994.8571428571429",7
"Fumito Hirata","994.8571428571429",7
"SlashBib","994.8571428571429",7
"elmobo","994.8333333333334",54
"Masaharu Iwata","994.75",24
"Bladiator","994.75",12
"Allister Brimble, Anthony Putson","994.75",12
"Kenichi Tokoi","994.7058823529412",17
"Naoshi Mizuta","994.6923076923077",39
"Ivan Hakštok","994.6818181818181",22
"subPixel","994.6",10
"Brother Android","994.6",10
"2 Mello","994.6",10
"Satoshi Kadokura, Shogo Sakai, Masaaki Iwasaki, Takafumi Miura","994.6",15
"Shnabubula","994.6",40
"Tony Thai","994.6",10
"Takahiro Eguchi","994.6",5
"Yuka Tsujiyoko","994.5454545454545",33
"Mark 'TDK' Knight","994.4615384615385",13
"Takumi Naramura, Houryu Samejima","994.4411764705883",34
"Yutaka Minobe","994.4285714285714",21
"MicroD","994.375",24
"Hayato Asano","994.375",32
"Wiesty, The OC Jazz Collective","994.375",8
"Eijiro Nakagawa, Ryu Kawamura","994.2727272727273",11
"Keigo Hoashi","994.2142857142857",14
"Yosuke Kinoshita, Kosuke Mizukami, Shin-ichiro Nakamura","994.1764705882352",17
"Karl Brueggemann","994.1304347826087",69
"Ryuji Sasai","994.1034482758621",29
"Shinji Tasaka, Satoko Minami","994",9
"Kohei Tanaka","994",18
"Earthbound Papas","994",3
"Rudolf Stember","994",3
"Montaro Kinchan","994",3
"Ro Panuganti","994",48
"sonicsneakers","994",9
"Harmony","994",3
"OceansAndrew, DragonAvenger","994",3
"mobius","994",3
"Ayako Saso","994",9
"Yes‚ Mayhem","994",3
"Daisuke Matsumoto","994",3
"HFG Special Band Set","994",3
"Izuho Takeuchi (Ippo)","994",6
"Satoshi Okubo","994",6
"Blak_Omen","994",3
"Pl511","994",3
"DrumUltimA","994",3
"Joshua Cortese","994",3
"Master Sword","994",3
"Daniel Schraer","994",3
"Avaruussaha","994",3
"Thennecan","994",6
"starRo","994",3
"Plumegeist","994",3
"YMCK","993.8125",16
"Jamphibious","993.8125",16
"S.S.T. Band","993.7931034482758",29
"Takeshi Inoue,Yumiko Hashizume,Noriyasu Agematsu","993.7692307692307",13
"Sakai Naoe, Yutaka Hayashi, Takao Ogi","993.7",10
"Masanori Akita, Akihiro Honda, Shuichi Kobori, Nobuko Toda, Yuichi Tsuchiya","993.7",10
"Brad Smith","993.7",10
"Kazuhiko Uehara, Hideto Inoue, Harumi Ueko","993.6470588235294",17
"Takashi Kumegawa, Yoshio Hirai","993.6470588235294",17
"RebeccaETripp","993.625",72
"Falcom Sound Team jdk","993.6009174311927",218
"Kenichi Tsuchiya","993.5714285714286",7
"Evan LE NY","993.5714285714286",7
"Basiscape","993.5714285714286",14
"Yuka Tsujiyoko, Saki Kasuga","993.5714285714286",14
"Parallelis","993.4545454545455",11
"Theory of N","993.4",15
"Motoi Sakuraba","993.3924050632911",395
"Craig Barnes","993.25",4
"Tania Smith","993.25",4
"Takeaki Kunimoto","993.25",8
"Noriko Matsueda","993.25",12
"Motoaki Takenouchi","993.25",48
"Goemon Production Committee","993.25",8
"colspan","993.25",8
"Tim Yarbrough","993.25",4
"Black SeeD","993.25",4
"Mr Stream","993.25",8
"I Set My Pixels On Fire","993.25",4
"Noriyuki Iwadare, Isao Mizoguchi","993.25",4
"Joshua Mosley","993.25",4
"Gamer of the Winds","993.25",4
"Videogame Orchestra","993.25",4
"Nostalvania, The OC Jazz Collective","993.25",4
"The Vagrance","993.25",4
"YamaYama","993.25",4
"J64","993.25",4
"Psalm Trees","993.25",4
"Neil Baldwin","993.0769230769231",13
"Jake Kaufman (virt), Ian Stocker","993.0769230769231",13
"Daisuke Ishiwatari","993.0281690140845",71
"Hiroyuki Namba, Yajuh-Ohkoku","993",9
"Joshua Morse","992.9878048780488",82
"Masato Koike","992.9565217391304",23
"Dren McDonald","992.9285714285714",14
"U2 Akiyama","992.8947368421053",19
"yam","992.8",5
"Dj CUTMAN","992.8",10
"Phil Hamilton","992.8",10
"Zas","992.8",5
"Yuki Iwai, Etsuko Yoneda, Setsuo Yamamoto","992.8",5
"Christian Linke","992.8",5
"Tansunn","992.8",5
"Sole Signal","992.7142857142857",21
"Guifrog","992.6875",16
"Keiji Yamagishi, Mikio Saito, Mayuko Okamura","992.6875",16
"London Philharmonic Orchestra","992.6601941747573",103
"Shigeki Hayashi","992.6434782608695",115
"Michiru Yamane, Keiko Fukami, Masahiko Kimura","992.6363636363636",11
"Hidenori Maezawa, Misao Senbongi","992.6363636363636",11
"Distorted Evolution","992.6363636363636",11
"Shogo Sakai, Takafumi Miura, Yuji Suzuki, Yusuke Takahama","992.6363636363636",11
"Keisuke Oku","992.5882352941177",17
"CarboHydroM","992.578947368421",57
"Kazuki Yanagawa","992.5",30
"BOKKADENcI","992.5",6
"Ryo Kawakami","992.5",6
"Koji Kondo, Soichi Noriki","992.5",6
"Jukio Kallio","992.5",12
"Tugboat","992.3846153846154",13
"Bak.R","992.3846153846154",13
"Masahiro Ikariko, Mutsuhiko Izumi, Motoaki Furukawa, Michiru Yamane, Yuji Takenouchi, Harumi Ueko, Yuko Kurahashi, Tomoya Tomita, Tsuyoshi Sekito, Kazuhiko Uehara","992.35",20
"Nostalvania","992.35",20
"Tsuyoshi Sekito, Yuko Kurahashi","992.2857142857143",7
"lpower","992.2857142857143",14
"Kou Ogata","992.2857142857143",7
"Tomoki Miyoshi","992.2",15
"Atsushi Fujio, Hidehiro Funauchi, Katsuhiko Suzuki","992.125",8
"Jakesnke17","992.125",8
"GlacialSpoon","992.125",8
"Hemophiliac","992.125",8
"Ben Cullum","992.0588235294117",17
"Alec Holowka","992.0384615384615",26
"Daisuke Morishima","992",9
"PROTO·DOME","991.9473684210526",57
"Casey Ormond","991.9",10
"Ante","991.9",10
"Audio Mocha","991.9",10
"Console Crusaders","991.8780487804878",41
"Spencer Kitagawa","991.8181818181819",11
"Ozzed","991.8181818181819",22
"Meteo Xavier","991.6923076923077",26
"Hideki Naganuma, Keiichi Sugiyama, Yutaka Akiyama, Chiho Kobayashi, Ichiken, karuta, Yoshio Tsuru, Wall5 Project with Poseidon, Wall5 Project with Re-Center, Tomonori Hayashibe, Yosuke Hatakeyama, Yuko Iseki, NIJI, Daniel Lindholm","991.6923076923077",13
"Yukihiro Jindo","991.6338028169014",71
"Dj Mokram","991.5625",16
"Dhsu","991.5294117647059",17
"Kevvviiinnn","991.4736842105264",19
"HyperDuck SoundWorks","991.4090909090909",44
"Yoshino Aoki","991.3673469387755",49
"PRESS PLAY ON TAPE","991.3461538461538",26
"about:blank","991.1428571428571",7
"Martin Galway","991",5
"Scaredsim","991",5
"sephfire","991",6
"Kentaro Kobayashi","991",6
"Minae Fujii, Akihiro Akamatsu, Sachiko Oita","991",14
"Diad","991",6
"That Andy Guy","991",2
"Rushjet1","991",11
"Motoi Sakuraba, Shinji Tamura, Hiroya Hatsushiba","991",8
"Jukio Kallio, Daniel Hagström","991",21
"shanebro","991",7
"Soleviio","991",17
"Michiru Yamane, Ippo Yamada","991",9
"Takeo Miratsu","991",14
"Filippo Vicarelli","991",15
"Hyadain","991",3
"EgM","991",7
"Radiowar","991",12
"Men of Mega","991",9
"dif-ref","991",4
"Sean Schafianski","991",19
"No Goblin Sound Team","991",4
"Stewart Copeland","991",21
"Yusuke Takahama","991",12
"Koichi Fujiwara","991",8
"Jivemaster, Sir_NutS, Helicopter Knife Fight","991",2
"Yoshihiro Ike","991",8
"Rabpit","991",3
"Random Battles","991",7
"Yasuhiko Fukuda","991",6
"X-Ray","991",5
"Leitbur","991",2
"Arc Impulse","991",3
"Eijiro Nakagawa","991",23
"Rio \"88\" Hashikawa","991",7
"Metatron","991",7
"Genna Renee","991",2
"OzoneOne","991",3
"K. Takemoto","991",3
"Daisuke Ishiwatari, Yasuharu Takanashi","991",5
"OneUp","991",3
"Dirk Rugged","991",3
"Kosuke Yamashita","991",23
"Hashel","991",8
"TonalRumblePak","991",2
"Alias Conrad Coldwood","991",8
"Shusei Murai, Montell Nonoda","991",2
"John Baker, Jim Hedges, Burke Trieschmann","991",4
"Miyuki Homareda","991",9
"Jyrki Talvitie","991",2
"Strike911","991",2
"Lucas Park","991",2
"SonicHyuga","991",2
"blackguitar","991",4
"Nigel Simmons","991",5
"Konrad Petersson","991",2
"Kyohei Tsutsumi","991",2
"Sarah Àlainn","991",2
"Nobuo Uematsu, Tsutomu Narita","991",2
"Minori Sasaki","991",2
"4ntler","991",3
"Clément Panchout","991",3
"Austin Hart","991",5
"Tibonev","991",4
"Shuichi Kobori","991",2
"Amsterdam Session Orchestra","991",3
"Michiel Van Den Bos","991",2
"pornophonique","991",3
"Another Soundscape","991",2
"TaQ","991",2
"Mattias Holmgren","991",2
"Moomba","991",3
"Tanuki Suit Riot","991",2
"Fumie Kumatani","991",2
"Drew Shade","991",2
"Zohar Emulator","991",2
"ModalModule","991",3
"Jorito, Earth Kid, GuitarSVD","991",2
"Multiplayer Charity","991",2
"Michael Garrett Steele","991",4
"Shinra Symphony Orchestra and Chorus, Sachiko Miyano","991",2
"2 Players for Life","991",2
"Hyper Potions, Jun Senoue","991",3
"Sound Junkie","991",2
"Pokémon Reorchestrated","991",3
"BlitzChris","991",2
"KatamariParadox","991",2
"Alexei Zakharov, Natalia Yakovleva","991",2
"Malcos, Red Tailed Fox","991",3
"CarboHydroM, LuIzA","991",2
"Electron","991",2
"Ben Briggs, halc","991",2
"Awesome-A","991",3
"huile_smith","991",2
"Capcom, Masahiro Aoki","991",3
"Steel Samurai","991",4
"Tatsuya Yano","991",2
"Kalu4ii Plays","991",2
"Nathan Madsen, Ryan Reilly","991",2
"wolfman1405","991",2
"Chris Nordgren","991",2
"garlagan","991",2
"LV-380","991",3
"Dani","991",2
"Brink-of-Time","991",2
"MB","991",2
"WASi303","991",2
"Joanne Hogg","991",2
"Squint","991",3
"Noir","991",2
"smh","991",3
"Asterin","991",2
"Daniel James Gagnon","991",2
"jizue","991",2
"Naoko Mitome","991",2
"Daisuke Matsuoka","991",2
"Matthew Harnage","991",2
"PpMaster","991",2
"Tim Forsyth","991",2
"Disasterpeace","990.7096774193549",31
"Nutritious","990.6896551724138",29
"LONELYROLLINGSTARS","990.5",18
"Masashi Hamauzu","990.4512195121952",82
"Hideaki Kobayashi","990.4375",16
"Tetsuhiro Ogawa, Iku Mizutani, Toshihiko Hiraguchi, Tomonao Niiya, Makoto Suehiro, Tasuku Mizutani ","990.3076923076923",13
"This Place is Haunted","990.3076923076923",13
"Tokuhiko Uwabo (Bo)","990.25",24
"Yoshito Sekigawa","990.25",12
"Hiroyuki Nakayama","990.1818181818181",22
"Fredrik Häthén","990.1",10
"M-H","990.0526315789474",19
"Wizet","990",18
"Steven Melin","990",9
"Hitoshi Fukushima, Morihito Iwamoto","989.875",8
"Renegade Kid","989.875",8
"Takuya Uchikado","989.875",16
"Alberto José González","989.8333333333334",108
"RushJet1","989.7441860465116",43
"T's Music","989.74",50
"Kenji Ito","989.7264150943396",106
"Takayuki Nakamura","989.7142857142857",28
"Junichi Masuda, Masao Mizuno","989.7142857142857",7
"Mega Beardo","989.7142857142857",21
"Seiichi Takamoto","989.7142857142857",7
"Shusei Murai","989.578947368421",19
"Iku Mizutani, Shigehiro Takenouchi, Motoaki Furukawa","989.5",6
"Chipzel","989.5",12
"Ryu Kawamura","989.5",24
"PXL8","989.5",6
"Dennis Martin","989.5",6
"Yoshitaka Suzuki","989.5",6
"Tappy","989.5",6
"Kyle Gabler","989.4117647058823",17
"Gordon McNeil","989.3125",16
"Skrypnyk","989.2",10
"Iku Mizutani, Motoaki Furukawa, Shigehiro Takenouchi","989.2",5
"Shinichiro Nakamura, Masato Koike, Miki Fujii","989.2",10
"Josh of Vernian Process, Vernian Process","989.2",10
"Kozue Ishikawa","989.2",10
"hally","989.2",5
"E-Bison","989.2",5
"ANARCHY TAKAPON, Hideki O.K, Akari Kaida","989.2",10
"Adam Matlock","989.2",5
"Mak Eightman","989.0714285714286",14
"millstones","989",9
"Shinya Sakamoto, Shigehiro Takenouchi, Atsushi Fujio","989",9
"Jamie Christopherson","989",9
"Suzumebachi","989",9
"Ryan Ike","989",9
"Inverse Phase","988.8823529411765",51
"Rio Hamamoto","988.8823529411765",17
"John Broomhall","988.8571428571429",21
"6955","988.75",12
"Mike Norvak","988.75",4
"SMILETRON","988.75",8
"Random Hero","988.75",8
"Yu Shimoda","988.75",8
"BlackPanther","988.75",4
"gutzalpus","988.75",4
"Auriplane","988.75",4
"Lind Erebros","988.75",4
"an0va","988.75",8
"mellogear","988.75",8
"Israfel","988.75",4
"Oscar Araujo","988.75",4
"Masashi Chizawa","988.75",4
"Masanori Hikichi, Masayuki Nagao","988.75",4
"D. Takahashi","988.75",4
"Luis Vasquez","988.75",4
"Yoshihiro Tsukahara","988.75",4
"Jesper Kyd","988.6315789473684",19
"nervous_testpilot","988.5",18
"Jivemaster","988.4285714285714",14
"Isao Kasai, Tomohiko Satou","988.4285714285714",7
"FAMIKOTO","988.4285714285714",7
"Iku Mizutani","988.3333333333334",27
"Shinji Hosoe","988.2727272727273",33
"Arion Salazar","988.2307692307693",13
"Marika Suzuki","988.2307692307693",13
"Toshiko Tasaki","988.1875",16
"Snowflakes91","988.1363636363636",22
"ErichWK","988.0882352941177",34
"Konami","988",9
"Tetsukazu Nakanishi","988",15
"Graeme Norgate","988",21
"Taku Yoshioka","988",3
"Chronodin","988",3
"Gary Biasillo","988",3
"Shinji Orito, Manack","988",3
"Jono Grant","988",3
"Jeehun Hwang, Bon Harris","988",6
"Munakata, Takao Kawana","988",6
"Iggy Koopa","988",3
"Ryo Takeshita","988",3
"Ai Kuwabara","988",3
"Shirobon","987.625",16
"Kazuhiko Uehara, Tomoya Tomita, Nobuyuki Akena","987.625",8
"Red Tailed Fox","987.625",8
"Studio A'","987.5384615384615",13
"Shinobu Ogawa","987.5384615384615",13
"Toshiyuki Sudo, Megumi Inoue","987.5384615384615",13
"DJ Orange","987.4",5
"Repliforce","987.4",40
"Glejs","987.4",5
"Riot Games Music Team","987.4",5
"Will Bedford","987.4",5
"Brandon Strader","987.3513513513514",37
"TOSE","987.3333333333334",27
"Yuji Yoshino","987.2941176470588",17
"Tenpei Sato","987.2290502793296",179
"Francisco Cerda","987.1428571428571",7
"Magellanic","987.1428571428571",7
"DCT","987.1428571428571",7
"Kenichi Matsubara, Yasuhiko Manno, Tomoya Tomita","987.1428571428571",7
"Chernabogue","987.1428571428571",14
"Gravity Corporation","987.1428571428571",7
"Visa Röster","987.0625",16
"Space Town Savior","987",18
"Hiroki Hashimoto, Hiroyuki Kawada, Eriko Sakurai, Yoshinori Hirai, Takafumi Sato, Mitsuhiro Kitadani, Yu Sugimoto","987",9
"Harry Mack","987",9
"Takuya Yokota, Kaoru Okada, Takeshi Miura","987",9
"Koji Kondo, Koichi Sugiyama","986.9090909090909",11
"Feryl","986.8461538461538",13
"Barry Leitch","986.8461538461538",13
"Kulor","986.7647058823529",17
"mp","986.7647058823529",17
"Cuttlefish","986.7368421052631",19
"munky","986.5",2
"Jang Sung Woon","986.5",10
"Slime Girls","986.5",4
"Katsuhiko Suzuki, Nazo² Unit","986.5",6
"C-jeff","986.5",2
"Fumihiro Isobe, Takeru Kanazaki, Shigemitsu Goto","986.5",14
"Shady Monk","986.5",2
"Geir Tjelta","986.5",2
"Aran Lee Shige","986.5",6
"Hyd Lunch","986.5",6
"Tsukasa Masuko, Hitoshi Sakimoto","986.5",6
"TAM Music Factory, SAM Free Music, Otonomori, Rengoku Teien, Liberty Music Room","986.5",4
"Kosuke Mizukami","986.5",2
"Vince Kaichan","986.5",4
"Kiaran","986.5",4
"Danilo Ciaffi","986.5",6
"Koichi Namiki","986.5",10
"Eric Nofsinger","986.5",4
"Ivan Hakštok, streifig","986.5",2
"Masumi Ito","986.5",6
"Shusaku Uchiyama","986.5",10
"Toshinoki Hiramatsu","986.5",4
"POCKETMAN","986.5",2
"R3FORGED","986.5",2
"James George","986.5",4
"zylance","986.5",2
"RE:NDZ","986.5",2
"Spencer Bambrick, Louie Aronowitz","986.5",2
"Materia Brasilis","986.5",2
"III, Ryo Kawakami","986.5",2
"Yumi Kawamura, Lotus Juice","986.5",2
"Max Sandler","986.5",2
"Philanthrope","986.5",2
"Luck Ganriki","986.5",4
"Takeshi Isozaki","986.5",2
"Geoffrey Taucer","986.5",2
"phoenixdk","986.5",2
"Eino Keskitalo, Tuberz McGee","986.5",2
"Playing with Power!","986.5",2
"Michael Zucker","986.5",2
"Sam English","986.5",2
"Craig Matterson","986.5",2
"Kenichi Kuroda","986.5",4
"Joshua (Ristar)","986.5",2
"Nao","986.5",4
"The Second Story","986.5",2
"Firefox","986.5",2
"Sleepy Emp","986.5",2
"Harjawaldar","986.5",2
"DrumUltima","986.5",2
"AlanGee15","986.5",2
"Jayson Napolitano","986.5",2
"Pontus Lundén","986.5",2
"Audio Mocha, JohnStacy","986.5",2
"Turbo Chip","986.5",2
"Reshidove","986.5",2
"Calbert Warner","986.5",2
"Stephen Froeber","986.5",2
"Evan Wardell","986.5",2
"doooo","986.5",2
"Konami Kukeiha Club, Kenichiro Fukui","986.5",2
"Gaspode, Niki Yaghmaee","986.5",2
"Timelord","986.5",2
"Ic3m4n","986.5",2
"Heosphoros","986.2857142857143",21
"Manfred Linzner","986.1538461538462",13
"SEGAROCKS","986.1538461538462",13
"Hironobu Inagaki, Atsuyoshi Isemura","986.0909090909091",11
"yogurtbox","986",9
"Koji Kondo, Ryuichi Katsumata","986",9
"Jack Wall","985.9375",16
"Taizo Takemoto, Tokyo Metropolitan Symphony Orchestra","985.8571428571429",7
"FFMusic DJ","985.8571428571429",7
"business pastel","985.75",24
"Takayuki Aihara","985.6",5
"Go Sato","985.6",5
"Kenneth Young","985.6",5
"Bandai","985.6",5
"Kenji Kawai","985.6",5
"Jason Shaw","985.6",5
"Yasuyuki Hamada, Shigenori Masuko, Youko Suzuki, Fumito Tamayama","985.6",10
"Hiroyuki Yanada","985.5",18
"Raito","985.483870967742",31
"Ryuichi Takada","985.375",8
"Beatdrop","985.375",16
"Washudoll","985.375",8
"Fumio Ito","985.375",8
"Pot Hocket","985.375",8
"Level 99","985.2727272727273",22
"Shinya Yano, Jun Chikuma","985.2727272727273",11
"Masahiro Aoki","985.15",20
"8bitmatt","985.1034482758621",29
"Atsuhiro Motoyama","985.0857142857143",35
"Avaris","985",12
"Yuji Ohno","985",6
"DJ MetaZero","985",3
"The Dual Dragons","985",15
"Dan Rodrigues","985",9
"John Hey","985",3
"Malukah","985",3
"Paul O'Rourke, Brian Correia","985",3
"Asami Mitake","985",6
"Richter","985",3
"Saori Kobayashi","985",3
"R-Sunset","985",6
"Freaky DNA","985",3
"Billy Martin","985",3
"Joanne Moo","985",3
"DaMonz, Trainbeat","985",3
"lazygecko","984.8125",16
"Thomas Detert","984.7",10
"Kensuke Inage","984.7",10
"DESTINY 8","984.7",20
"Jorito","984.6470588235294",17
"Setsuo Yamamoto, Yuko Takehara","984.5714285714286",7
"Temp Sound Solutions ","984.5714285714286",14
"Shael Riley","984.5714285714286",7
"Sean Bialo (CosmicGem)","984.5714285714286",7
"timaeus222","984.5",36
"Masanobu Matsunaga, Saki Kurata, Shoh Murakami, Yoshito Sekigawa, Yasuhisa Baba, Hiroki Morishita, Masanori Adachi, Kiyoshi Hazemoto, Tomoko Sano, Kosei Muraki, Hiroaki Hanaoka, Yasumasa Yamada","984.5",18
"Yuka Tsujiyoko, Yoshito Hirano, Saki Haruyama, Naoko Mitome, Atsushi Yoshida, Kaneko Teramae","984.5",18
"Petri Alanko","984.4",15
"Tero Hilpinen, Toni Hilpinen","984.25",4
"Deedubs","984.25",12
"The Syntax Sin Tax","984.25",4
"Rafael Langoni Smith","984.25",8
"Yoshie Takayanagi, Yoshie Arakawa","984.25",12
"Culture Brain","984.25",4
"Solarbear","984.25",4
"Masuma Ito, Yoshiyuki Ito","984.25",4
"Tristan Alric","984.25",4
"Loser Kashiwagi","984.25",4
"Kota Hoshino","984.25",8
"Kennosuke Suemura, Saori Kobayashi","984.25",4
"Disturbed","984.25",4
"Y. Kimura","984.25",4
"Tomohiko Kira, Yasunori Mitsuda, Hidenobu Otsuki, Tomori Kudo, Hiroyo Yamanaka, Yoshitaka Hirota, Kenji Hiramatsu","984.25",4
"ambient","984.25",4
"Noriko Nishizaka","984.1428571428571",21
"Noriyasu Agematsu","983.9285714285714",42
"Rayza","983.8",20
"Sukezo Ouyama, Ryoue Takagi","983.8",15
"Chris Rickwood","983.8",5
"Keiko, Susan Calloway","983.8",5
"Mark Griskey","983.8",5
"Mattias Häggström Gerdt","983.7142857142857",42
"Toshikazu Tanaka","983.5",12
"Teruhiko Nakagawa","983.5",6
"Kevin Riepl","983.5",6
"Ryota Koduka","983.5",12
"Alex Mauer","983.421052631579",95
"NoppZ","983.3846153846154",13
"Year 200X","983.2",15
"DjjD","983.125",8
"Shiryu","983",18
"Motoaki Furukawa","983",9
"Frank Klepacki","982.9230769230769",39
"AMIworx","982.8181818181819",22
"Toshiyuki Sudo","982.6",15
"Ryuji Sasai, Tadahiro Nitta","982.5625",16
"Russell Cox","982",12
"Nines","982",5
"Chipocrite","982",12
"Camerica","982",5
"Kazuhiko Inaba, Makoto Hosoi","982",7
"Dale North, Ailsean","982",3
"Jonne Valtonen, Aleksi Eeben","982",7
"mikedm92","982",2
"Tomoya Ohtani, Takeshi Watanabe","982",3
"Jon Holland","982",10
"Yuka Tsujiyoko, Yoshito Hirano","982",14
"Jiro Okada, bosque aroma","982",3
"Pongball","982",6
"Takayuki Hattori","982",9
"James Dean","982",8
"Kohta Takahashi","982",7
"Ro Panuganti, David Russell","982",2
"Hiroshi Watanabe","982",5
"Jerry Martin","982",3
"Elrinth, PsyNES","982",3
"Jun Senoue, Crush 40","982",4
"WARK!","982",2
"Emi Shimizu","982",7
"Robokabuto","982",2
"aluminum","982",6
"Tsukasa Masuko, Ryo Yonemitsu, Project SATAN","982",7
"Shohei Tsuchiya","982",3
"Ethan Rex","982",2
"Azusa Chiba, Masaharu Iwata, Kimihiro Abe","982",4
"Philip Saguil","982",4
"Taro Makido","982",3
"nestengu","982",2
"Floaf","982",2
"Toshiharu Okajima, Falcom Sound Team jdk","982",2
"melody","982",5
"Omigadrive","982",2
"Junko Shiratsu","982",2
"Hubol, GUTS.WAV","982",2
"Rod Abernethy","982",7
"Teruo Taniguchi","982",3
"Shinji Ushiroda","982",2
"Spheres of Chaos","982",3
"David Hsu","982",2
"Chikusho Sound Team","982",2
"Icy Guy","982",2
"Jun Funahashi, Masae Nakashima, Satoko Minami","982",2
"Aensland","982",2
"Skill Tree","982",3
"Smouv","982",4
"D-RAM","982",5
"Michio Okamiya","982",2
"dai","982",2
"pHate","982",2
"Miku","982",2
"梅干茶漬け  (Umeboshi Chazuke)","982",2
"missingNo","982",3
"they/them","982",2
"TheDeath","982",3
"Mr Feral","982",2
"The Whyte Wolf","982",2
"FirahFabe","982",2
"Rabbit J","982",3
"Kimitaka Kogo","982",3
"hiyama","982",2
"Nobuko Toda","982",2
"Yuzo Takahashi","982",2
"Braincells","982",2
"Isamu Ohira","982",2
"Vidboy","982",2
"Wiesty, XPRTNovice","982",2
"Tenpei Sato, Serena","982",2
"Sachiko Miyano","981.6785714285714",28
"Rei Kondoh","981.4193548387096",31
"Tuberz McGee","981.4",30
"Boqeh","981.3571428571429",14
"David L. Puga","981.3571428571429",14
"ellywu2","981.25",12
"Ludwig, Dutch Game Music","981.1818181818181",11
"MONACA","981.1818181818181",11
"Colis Postal","981.1",10
"Human Sound Team","981",9
"Jun Funahashi, Yoshiyuki Hagiwara","980.875",8
"Shigeru Tomita, Kazunori Hasegawa","980.8",15
"Kenji Kaneko","980.7586206896551",29
"David Bergeaud, Niels Bye Nielsen","980.7142857142857",21
"Masakatsu Maekawa","980.7142857142857",7
"Ryu Takami","980.7142857142857",14
"Hirofumi Murasaki, Morihiko Akiyama, Masayuki Nagao","980.5",6
"Catonator","980.5",6
"Temp Sound Solutions","980.5",6
"Savaged Regime","980.5",12
"Hinkuto","980.5",6
"Dan Hess","980.3636363636364",11
"Pawel Blaszczak","980.2",5
"William Ascenzo","980.2",5
"Amok","980.2",5
"Hironori Osone","980.2",5
"Tim Stoney","980.2",5
"Yuki Iwai, Yuko Takehara","980.2",5
"Kris Keyser","980.2",5
"Takahama, Nobuyuki Shioda","979.75",8
"Shigemasa Matsuo, Tomoko Sumiyama","979.75",4
"Masanobu Tsukamoto","979.75",8
"Wayne Strange","979.75",4
"Yoshiyuki Ito","979.75",4
"Chris Mann","979.75",4
"Ramon Braumuller","979.75",4
"Tomoyuki Hamada","979.75",4
"wata","979.75",4
"Yasutaka Hatade","979.75",4
"Urban Flow","979.75",8
"Tsukasa Masuko","979.5454545454545",22
"Tetsuya Shibata","979.5",18
"James Bennett","979.5",18
"Norihiko Hibino","979.4883720930233",43
"Haku","979.4285714285714",7
"Masahiko Takaki","979.4285714285714",7
"Eirik Suhrke","979",6
"Minako Adachi,Shigeki Hayashi","979",9
"Shigekazu Kamaki, Yumi Satake","979",6
"TheManPF","979",3
"Mitsuhiro Kaneda","979",12
"John Debney","979",6
"Artem Bank","979",3
"pixelwave","979",3
"Masaaki Uno","979",3
"Takashi Horiguchi, Yoko Wada","979",6
"Grimecraft","979",3
"Michael Giacchino, Patrick J. Collins, Steve Duckworth","979",3
"Joelle","979",3
"Evan Pattison","979",3
"Nightmargin (Casey Gu), Michael Shirt","979",3
"NintenJoe 64","979",3
"Shusei Murai, bosque aroma","979",3
"Sam Bobinski","979",3
"Syuri Misaki","979",3
"James Hannigan,Andrew Sega","979",3
"Tobey Evans","978.7857142857143",14
"Takayuki Ogura","978.7272727272727",11
"Masafumi Takada, Jun Fukuda","978.625",8
"Soyo Oka","978.625",16
"Shinji Hosoe, Ayako Saso, Shoichiro Sakamoto, Teruo Taniguchi, Takahiro Eguchi, Norihiro Hurukawa","978.625",16
"String Player Gamer","978.625",8
"Eric Skiff","978.4",5
"Daniel Capo","978.4",5
"Trash80","978.4",5
"Masahiro Ando","978.4",5
"Stephen Root, Neil Palmer","978.4",5
"Hirokazu Koshio","978.4",5
"GaMeBoX","978.4",5
"Bjørn Arve Lagim, Tor Linløkken, Morten Sørlie","978.4",5
"Fabian Del Priore","978.1428571428571",7
"Taro Kudou","978.1428571428571",7
"H36T","978.1428571428571",7
"cerror","977.9090909090909",11
"Tsukasa Masuko, Project SATAN","977.7647058823529",17
"Eveline Fischer, David Wise","977.5",8
"Archangel","977.5",16
"Mitsuto Suzuki","977.5",10
"Mittsies","977.5",4
"Yoko Mizuta, Tadashi Kaibara","977.5",2
"Riei Saito","977.5",4
"Shigeyoshi Kawagoe","977.5",4
"Nintendo","977.5",2
"Ashton Morris","977.5",4
"Kenichi Kikkawa","977.5",4
"Brent Kennedy","977.5",4
"Chromatic Apparatus","977.5",2
"Shin-ichiro Nakamura","977.5",4
"Bill Brown","977.5",2
"Sir_NutS, Usa","977.5",2
"Ichitootah","977.5",2
"Blind Spot","977.5",4
"NiCus","977.5",2
"bsolmaz13","977.5",2
"Chain Reaction","977.5",2
"Draconiator","977.5",4
"Matt Gray, Gavin Raeburn","977.5",2
"Ekaj","977.5",2
"J1 Sound Team","977.5",2
"GuardianSoul","977.5",2
"KyleAB5000","977.5",2
"Jovette Rivera, ISAO","977.5",2
"Capcom, Hideyuki Fukasawa","977.5",2
"Yuji Toriyama","977.5",2
"Yuki Kyle","977.5",2
"THE RAIN BOOK","977.5",2
"Marvin Valentin, Joshua Taipale","977.5",2
"Oceanfire","977.5",2
"Aureolius","977.5",2
"Fumie Kumatani, Kenichi Tokoi","977.5",2
"Lyn, Yumi Kawamura, Shihoko Hirata","977.5",2
"David Donges","977.5",2
"Motoi Sakuraba, Yuzo Koshiro","977.5",2
"Atsushi Tomita","977.5",2
"Toshiya Yamanaka","977",9
"Hiroki Morishita","976.8571428571429",7
"Clint Bajakian,Michael Land,Peter McConnell","976.8571428571429",7
"Christa Lee","976.8571428571429",7
"FamicomBit","976.8571428571429",7
"Motoi Sakuraba, Hibiki Aoyama","976.8571428571429",7
"Sivak","976.75",24
"Dj Mystix","976.6",5
"Kommisar","976.6",5
"Bit Shifter","976.6",5
"Perfect World Entertainment","976.4615384615385",26
"Jared Emerson-Johnson","976.4411764705883",34
"ilp0","976.375",24
"Kazunaka Yamane, M. Hirasawa","976.375",8
"Ukkari Yamanishi","976.375",8
"Gaspode","976.1764705882352",17
"pu_freak","976.1764705882352",17
"Mariko Nanba, Tomoya Ohtani","976",6
"Tomoyuki Kawamura","976",6
"Atomic Harada, TOM","976",6
"Masaki Hashimoto, Takahiro Wakuta","976",3
"Tim Larkin","976",6
"Inti Creates","976",9
"Ergosonic","976",6
"Alexei Zakharov","976",6
"HIR","976",3
"RYOYA","976",3
"Erika Richards (Bullicann / DT Majesty)","976",3
"Nobuyuki Shioda","976",3
"Forest Elves","976",3
"Capt'n Shred","976",3
"Syotarou Seo","976",3
"Nobuko Toda, Shuichi Kobori, Kazuma Jinnouchi","976",3
"Bun","976",3
"Platonist","975.7692307692307",13
"Stello Doussis","975.7",10
"Hideaki Mitsui","975.25",4
"Akihiro Juichiya, Kazuhiro Senoo, Naoki Maeda","975.25",8
"Steppo","975.25",4
"Takayuki Ishikawa","975.25",8
"Charles Deenen","975.25",4
"Marvin Valentin","975.25",4
"Two Feathers","975.25",4
"Troupe Gammage, Joel Corelitz","975.25",8
"Hiroshi Nishizawa, Yoko Watanabe","974.8",5
"Joel Corelitz","974.8",5
"Ronald Jenkees","974.8",5
"Torby Brand","974.8",5
"mudeth","974.8",5
"Angel Studios","974.8",5
"Nobuo Uematsu, Yoshitaka Suzuki","974.8",10
"Junya Kozakai","974.8",5
"PsyNES","974.5",6
"Joel Neilsen","974.5",6
"Tokyo Metropolitan Wind Ensemble","974.3846153846154",13
"Kazuo Sawa, Michiya Hirasawa, Urabe Taku, Kuma-san","974.2857142857143",7
"Zelkedo","974.2857142857143",14
"EvilWezil","974.125",16
"pe-jun","974.125",8
"Hiroshi Okubo, Tetsukazu Nakanishi, Nobuhide Isayama","974.125",8
"Shigeru Tomita","974.125",8
"Sok-Ju Lee (HanStone)","974",18
"Orkybash","973.9",10
"Zeratul","973.9",10
"DusK","973.8571428571429",21
"Beatrix Quinn","973.75",12
"Shinsekai Gakkyoku Zatsugidan","973.6206896551724",29
"Hudson Soft","973",13
"Rob Hubbard, Kyle Granger, Chris Grigg","973",7
"bubu","973",24
"Brandon Strader, halc","973",3
"Jirurun","973",5
"Kazunori Miyake","973",3
"autoscroll","973",7
"Producer Snafu","973",2
"Norihiko Hibino, Kazuki Muraoka","973",5
"Ubik","973",2
"Kabukibear","973",2
"Takeshi Miura, Hijiri Anze, Sanae Kasahara","973",4
"MetalLegend64","973",2
"AutoReMi-PK","973",2
"Hitoshi Sakimoto, Masaharu Iwata","973",11
"Koji Kondo, Atsuko Asahi, Toru Minegishi, Sayako Doi","973",8
"OutPhase","973",2
"Kenichi Tsuchiya, Eisuke Seki, Atsushi Kitajoh","973",5
"Yuki Noma (Drakskip)","973",3
"D.B.O.Y.D","973",2
"MasterGi","973",2
"Paul O'Rourke","973",3
"Tomohiro Shirai, Neutrino","973",3
"Nightswim","973",2
"Colin Jochimski","973",2
"Cyan","973",2
"DragonAvenger, ambient","973",2
"Skummel Maske","973",3
"Avaris, Level 99","973",4
"MASA","973",2
"THELONIOUS MONKEES","973",2
"Capn Crockett","973",2
"Eladar","973",3
"TheToader","973",2
"Ges.M","973",3
"ectogemia","973",3
"Kelly Andrew","973",2
"Munakata","973",6
"IanFitC","973",2
"KingTiger","973",3
"VictorTheGuitarNerd","973",4
"Hashel, Mark Autumn","973",2
"Legendav","973",2
"Yoshihiko Ike","973",2
"Anne Strader","973",2
"Dj Orange","973",2
"Mr. Shirai","973",2
"DJ Mitsu the Beats","973",2
"8-BITchin'tendo","973",2
"MAX155","973",2
"Michael Staple","973",2
"Tsukasa","973",2
"Rexy","972.4",45
"Yuri Fukuda, Takashi Nagasaka","972",9
"Kazuhide Sasuga, Yukie Marikawa","971.7142857142857",7
"Mantra Sound","971.7142857142857",7
"Minho Jang","971.5",12
"Mikio Masuzawa","971.5",6
"Afshin Toufighian","971.5",6
"Pablo Vega","971.3636363636364",11
"Kaoru Ohori","971.2",10
"JuicePouch","971.2",5
"Masanori Akita","971.2",10
"Gavin Parker","971.2",10
"Niwaka-Zu, Bunbunmaru, Lah++, Gocky-7 Alives","971.2",5
"Maki Kirioka","971.2",5
"Tim Wright (CoLD SToRAGE)","971.2",5
"Hideki Abe","971.2",15
"kulor","971.2",5
"Atsuko Asahi, Yasuaki Iwata","971.2",10
"Rozovian","971.0714285714286",28
"Tomoko Morita, Yukio Nakajima","971",9
"Masami Ueda, Hiroshi Yamaguchi, Rei Kondoh","970.75",8
"jmr","970.75",8
"Eiichirou Yanagi","970.75",8
"Laura Platt","970.75",4
"samlie","970.75",4
"Outset Initiative","970.75",4
"Harumi Fujita, Yoshihiro Sakaguchi","970.4285714285714",7
"Robin Ogden","970.4285714285714",7
"Steve Emney","970.4285714285714",7
"Takanori Arima, Toshiyuki Kishi, Hiromi Mizutani, Kenji Katoh, Reno","970.4285714285714",7
"Hama, Eden","970.3529411764706",17
"Nicklas 'Nifflas' Nygren","970.3",10
"Kenichi Arakawa","970.3",20
"Tsutomu Ishida, Masayuki Iwata, Atsushi Mihiro","970",9
"Sadorf","970",6
"ladyWildfire","970",3
"Atsuki Watanabe","970",6
"Kaze","970",3
"bladiator","970",3
"HeavyViper","970",3
"Brian Chard","970",3
"Sebastien Skaf","970",3
"Bentley Jones / Lee Brotherton / LeeBro","970",3
"Fumito Tamayama","969.7857142857143",14
"Bluelighter","969.7857142857143",14
"Katsuhiko Suzuki, Jun Irie","969.625",8
"PANDAstar","969.5714285714286",21
"HeavenWraith","969.4",10
"Jredd","969.4",5
"Kazuhiro Hara, Nobuhito Tanahashi","969.4",5
"Matti Paalanen","969.4",5
"Kojiro Mikusa","969.4",5
"Hans Zimmer","969",9
"Aki Hata","969",9
"Artdink","969",9
"Hiroto Kanno","968.5",2
"Sadist","968.5",6
"Takamitsu Kajikawa","968.5",4
"Ophanin","968.5",8
"Ridiculon","968.5",10
"faRk","968.5",2
"Marc Baril, Allan Levy, Jeff Tymoschuk","968.5",8
"Anders Svensson","968.5",2
"Spad3s","968.5",2
"Paragon","968.5",2
"Masashi Kageyama, Nobuyuki Hara","968.5",6
"Salkinitzor","968.5",8
"NyxTheShield","968.5",2
"Kariina Gretere","968.5",2
"Adam Skorupa","968.5",2
"transquillo","968.5",2
"Robert Prince","968.5",6
"WillRock, PROTO·DOME","968.5",2
"Novoiski","968.5",2
"zabutom","968.5",2
"Takahiro Izutani","968.5",2
"Ryo Furukawa","968.5",2
"Megumi Takano","968.5",2
"Reo Uratani","968.5",2
"Isao Abe, Syun Nishigaki, Kiyo","967.75",12
"Danimal Cannon, Zef","967.6",5
"Mordi","967.6",5
"DarkSim","967",9
"Takenobu Mitsuyoshi, Takayuki Hijikata","967",6
"Masanori Oouchi, Aki Hata, Michiru Yamane, Masanori Adachi","967",6
"Toru Watanabe","967",3
"Epoch","967",6
"ch4rl33","967",3
"avaris","967",3
"Sir_NutS, Stephen Kelly","967",3
"Mao Hamamoto","966.5714285714286",7
"Gabe Castro","966.25",8
"Existence Zero","966.25",4
"Corran","966.25",4
"Persist Music","966.25",4
"Kim M. Jensen, Geir Tjelta","966.25",4
"beek","965.9285714285714",14
"Hiroyuki Masuno","965.8",10
"Shogo Sakai, Takafumi Miura, Yuji Suzuki, Masaaki Iwasaki","965.8",10
"The Zac Zinger Group","965.8",10
"Neostorm","965.8",5
"surasshu","965.5",6
"James Roach, Toby Fox","965.5",6
"Joe Redifer","965.2857142857143",7
"Ap0c","965.2857142857143",14
"Tomáš Dvořák","965.2857142857143",7
"Kengo Sakurai","965",9
"Atsushi Fukai","965",9
"Kenji Hikita","964",9
"no.5","964",7
"John Torkington","964",4
"Harumi Ueko","964",2
"Seattle Jazz Composers Ensemble","964",5
"Flik","964",2
"MAIET Entertainment","964",5
"Lemonectric, Phonetic Hero","964",2
"Omabroodje","964",3
"Jim Guthrie","964",6
"Masayoshi Ishi","964",7
"nailcliper","964",2
"Shinji Tachikawa","964",4
"Sachiko Oita, Yoshihiro Sakaguchi","964",3
"Daniel Lippert","964",2
"Andy Jayne","964",3
"Dominic Ninmark","964",3
"Dj Bjra","964",2
"Pavos","964",2
"Heinrich Von Ofterdingen","964",5
"Kimio Yudate","964",3
"Akira Takizawa","964",2
"Samfree","964",3
"Tomomi Otani","964",3
"PMMK","964",2
"Kaiyoti","964",2
"Jakk","964",2
"Kunal Majmudar (ktriton)","963.3571428571429",14
"Vurez","963.2173913043479",23
"Zikali","963.1818181818181",11
"Omni-Psyence","963.1",10
"Toshiki Aida, Ryosuke Asami","963",9
"David Bergeaud","962.9772727272727",44
"mark dormin","962.875",8
"Kennosuke Suemura","962.875",8
"Drew Cady, Ian Rodia, Mike Yeend","962.5",6
"metaphist","962.5",6
"Covox","962.5",6
"Mason B. Fisher","962.2",5
"Kenji Kaneko, Kenichi Kikkawa","962.2",10
"Tatsuya Uemura","961.75",4
"prozax","961.75",8
"Slimy","961.75",4
"Jaleco","961.75",4
"Jim Crawford","961.75",4
"Japanese Breakfast","961.75",4
"Hidenori Iwasaki","961.75",28
"Yuko Imai","961.75",4
"Whitaker Trebella","961.3",10
"Yuka Tsujiyoko, Masaya Kuzume, Masaru Tajima","961",3
"Nixdorux","961",6
"Yuki Sugiura","961",6
"Shunsuke Tsuchiya","961",6
"Noriko Matsueda, Takahito Eguchi","960.7272727272727",11
"<3an","960.4",5
"LEAF XCEED Music Division","960.4",5
"Kazumi Mitome, Shunsuke Tsuchiya, Yasunori Mitsuda","960.1428571428571",7
"J Damashii","959.5",4
"Saki Kaskas, Alistair Hirst, Jeff van Dyck","959.5",4
"just64helpin","959.5",2
"Syunsuke Tsuchiya","959.5",8
"NieN","959.5",2
"UV Sir J","959.5",2
"Ben Briggs, ectogemia","959.5",6
"Mustin, Anthony Lofton","959.5",2
"AkumajoBelmont, Level 99","959.5",2
"RebeccaETripp, Gabriel Tripp","959.5",2
"Masatomo Komakine, The Riot -Teens of Anger-","959.5",2
"CygnosiC","959.5",2
"Boy Without Batteries","959.5",2
"Marius Masalar","959.5",2
"rain book","959.5",2
"Stephen Millis","959.5",4
"XMark","959.5",2
"Krow","959.5",2
"Vampire Hunter Dan","958.8571428571429",21
"Toshio Kajino, Yoshihiro Sakaguchi, Yoko Shimomura","958.6",5
"Tettix","958.375",16
"Shizuyoshi Okamura","958",3
"John Ryan","958",3
"Toshiaki Tomizawa","958",3
"Andy Poland","958",3
"Fractal Gate","958",3
"Uhei Inoh, Takeaki Kunimoto","958",3
"Data East","957.4545454545455",11
"Hiroshi Fujioka","957.25",8
"Treyt","957.25",4
"The St. Albans Rob Hubbard Fan Club","957.25",4
"halc, Tuberz McGee","957.25",4
"RoeTaKa","957",36
"Thiago Adamo A.K.A PXLDJ","956.8",5
"Youichi Shimamura, Kota Nakashima","956.5",6
"daXX","956.2857142857143",7
"Doug Boyes, Dave Boardman","955.8181818181819",11
"Shogo Sakai, Seiichi Hamada, Takafumi Miura, Yuji Suzuki, Yusuke Takahama, Z. Yamanaka","955",5
"Miki Tsuchiya","955",2
"Kiyohiro Sada, Kazuki Muraoka, Kouji Murata","955",2
"Roh Hyoung Woo","955",2
"Rekcahdam","955",3
"TQ-Jam","955",2
"Jaroban","955",2
"Yousuke","955",3
"Just Coffee","955",4
"Crust","955",2
"Alec Holowka, Scott Benson","955",2
"Forte Escape","955",3
"Keiki Kobayashi, Rio Hamamoto, Hiroshi Okubo","955",2
"Yuko Iseki","955",2
"Rugar","955",5
"zircon, Juan Medrano","955",2
"Master Hatchet","955",2
"Hubol","955",2
"Calum Bowen","954.4375",16
"Keita Egusa","954.1818181818181",11
"Codemasters","953.5",6
"Peter W","953.2",5
"Monobrow","953.2",5
"Michael Hudak","952.9047619047619",21
"Kiyoko Kumasaka","952.75",4
"X-formZ","952.75",4
"Hideyuki Eto, Harumi Ueko, Tomoya Tomita","952.75",4
"Harold Pichol","952.75",4
"GIRakaCHEEZER","952.75",4
"Rob King, Paul Romero","952.75",4
"CJthemusicdude","952",6
"Leandro Abreu","952",6
"Yasuhiro Nakano","952",3
"Motoi Sakuraba, Mio Sakuraba","952",3
"???","951.4",5
"John DeBorde","951.4",5
"Nario","951.4",5
"Yasuo Hattori","951.1428571428571",7
"Claire Yaxley, Dj Mystix","950.5",2
"WillRock, Juan Medrano","950.5",2
"Jordan B. Sanders","950.5",6
"Rabid Tunes","950.5",4
"Bill Brown, Inon Zur","950.5",6
"Planetboom","950.5",2
"Motoi Sakuraba, Shinji Tamura","950.5",4
"Steve Henifin","950.5",4
"Graeme Norgate, Robin Beanland","950.5",2
"Mantell Nonoda, bosque aroma","950.5",2
"Benten-Maru, Himeko Yamamoto","950.5",2
"Christopher Stevens, Tim Clarke","950",9
"Tomoyuki Hamada, Hiro Takahashi, Achilles C. Damigos","949.6",5
"rebrained","949.6",5
"Beckett007","949.375",8
"Troels Brun Folmann","949",6
"Joakim Sandberg","948.5714285714286",7
"Seiichi Hamada, Seiji Momoi, Takafumi Miura, Z. Yamanaka","948.25",4
"Akihiro Juichiya, Misaki Asada, Tomoya Tomita","948.25",4
"Kyoya Hashimoto","948.25",4
"Ian Livingstone","947.8",10
"Yoshitaka Hirota","947.8",5
"Hiroyuki Yanada, Iwao Mitsunaga","947.2857142857143",7
"Zubareus","946",8
"CZ Tunes","946",2
"Cyborg Jeff","946",3
"Anthony Lofton, Joshua Morse","946",7
"Alex Culang","946",3
"APZX","946",3
"Grospixels","946",2
"Rob Lord, Paul Weir, Mark Bandola","946",15
"Nick Singer","946",3
"BeanJammin","946",2
"Takeshi Miura","946",3
"James Roach","946",3
"Takayuki Iwai","946",2
"Tomomi Teratani","946",2
"Coffee-Break","946",2
"Hiroto Saitoh","946",2
"Rush Coil","945",9
"Reuben Kee","944.7142857142857",7
"Bjørn Arve Lagim","944.5",6
"Thorsten Mitschele","944.2",5
"Eino Keskitalo","944",18
"Octapus","943.75",4
"Kozo Nakamura, Junichiro Kaneda, Yuichi Sakakura, Tomoya Tomita","943.75",4
"Chuck E. Myers, Lance Lenhart, Tom Hopkins, The Pinnacle Group","943.75",4
"tibonev","943.75",4
"Aram Jean Shahbazians","943.4285714285714",7
"Das Fokks","943",6
"Masanori Oouchi, Seiya Murai","943",3
"Paper Sound","941.5",4
"Sinobu Amayake, Soyo Oka","941.5",8
"Sonicade","941.5",2
"Taku Iwasaki, Kazunori Miyake","941.5",6
"Yasuhisa Watanabe","941.5",2
"Ryan8bit, Xaleph","941.5",2
"Robin Beanland, Eveline Fischer","941.5",2
"Tadashi Kinukawa","941.5",2
"Steve Barrett","941.5",2
"Hajime Asano","941.5",4
"Laarx","941.5",2
"Alex Lane","941.5",2
"Sabrepulse","940.6",5
"Sam Marshall","940.6",5
"Bound Media","940",9
"James Smart","940",3
"Mark Van Hecke, Alex DeMeo","940",3
"Hisayoshi Ogura","939.5714285714286",7
"Daniel Finney","939.25",4
"Masataka Kitaura, Atsuyoshi Isemura, Rikei Hirashima, Music Worx","939.25",4
"Brian Marshall","939.25",4
"Chuck E. Myers","938.8",5
"XenoCross","937",2
"Origami Repetika","937",2
"J Krafft","937",2
"Dees","937",3
"Hiroshi Ebihara, Kennosuke Suemura","937",7
"Brandon Strader, Rexy","937",2
"SHiNKA","937",2
"Kenichi Koyano","937",2
"David Stanton","937",2
"SonicPicnic","935.5",6
"David Arkenstone","934.75",4
"Midee, prozax","934.75",4
"Yellow Rockets Music","934.75",4
"Rock Hippo Productions","934.75",4
"Miho Izawa, Masuma Ito, Yoshiyuki Ito","934",3
"Hiroyuki Namba","934",3
"The Coop","933.7272727272727",11
"Pony Canyon","933.1428571428571",7
"urdailywater","932.5",4
"Sonic Blade","932.5",2
"Nada","932.5",2
"Andy Blythe, Marten Joustra","932.5",6
"Defiance","932.5",2
"C.I.A","932.5",2
"Chris Kohler","932.5",2
"Keishi Yonao","932.5",2
"Rize","931.6",5
"Ganaé","931.6",5
"Forest World","931",6
"jnWake, minusworld","928",2
"Michael Henry","928",4
"Masaaki Iwami","928",2
"Mitsuto Suzuki, Aska Kaneko","928",2
"Hale-Bopp","928",2
"Todd Dennis, Tommy Tallarico","925.75",4
"Knife City","925",3
"James Primate","923.5",4
"Visions of the Future","923.5",2
"Ryan Davis Music","923.5",2
"King Einstein","923.5",2
"Hirokazu Tanaka, Kazumi Totaka","922",3
"Simon Périn, Jérémie Périn","922",3
"Grigory Semyonov","921.25",4
"Freemind, GrayLightning","919",2
"Codename Trigger Thumb","919",2
"Ashif Hakik","919",5
"Palcom","919",2
"Masahito Nakano","919",2
"shieldeater","914.5",2
"Norio Nakagata, Takane Ohkubo","914.5",2
"Michael Richard Plowman, Tommy Tallarico","911.5",6
"Commandcom","910",3
"Dummy","910",2
"Thunder Thouin","910",2
"Kenneth Keyn, Troy Keyn","905.5",2
"Hazama","905.5",2
"moog (Sebastian Bachliñski)","905.5",2
"thebitterroost","901",3
"Hiroyoshi Kato","901",2
"E. Fugu","901",2
"U-ji","898.3333333333334",3
"227","896.5",2
"Nick Perrin","896.5",2
"DZComposer","896.5",2
"Chris Belair","896.5",2
"Megalixir","896.5",2
"Faze","896.5",2
"jdaster64","893.8",5
"MythosLogos","892",2
"PurplePurp","892",2
"ArseAssassin","883",2
"AngelCityOutlaw, timaeus222","878.5",2
"Glyn R Brown","865",3